Command line invocation:
    /Applications/Xcode.app/Contents/Developer/usr/bin/xcodebuild -project FutureEcho.xcodeproj -scheme FutureEcho -configuration Debug -destination "generic/platform=iOS Simulator" -derivedDataPath /tmp/future-echo-final-derived CODE_SIGNING_ALLOWED=NO build

Build settings from command line:
    CODE_SIGNING_ALLOWED = NO

ComputePackagePrebuildTargetDependencyGraph

Prepare packages

CreateBuildRequest

SendProjectDescription

CreateBuildOperation

ComputeTargetDependencyGraph
note: Building targets in dependency order
note: Target dependency graph (1 target)
    Target 'FutureEcho' in project 'FutureEcho' (no dependencies)

GatherProvisioningInputs

CreateBuildDescription

ExecuteExternalTool /Applications/Xcode.app/Contents/Developer/Toolchains/XcodeDefault.xctoolchain/usr/bin/clang -v -E -dM -isysroot /Applications/Xcode.app/Contents/Developer/Platforms/iPhoneSimulator.platform/Developer/SDKs/iPhoneSimulator26.5.sdk -x c -c /dev/null

ExecuteExternalTool /Applications/Xcode.app/Contents/Developer/usr/bin/actool --print-asset-tag-combinations --output-format xml1 /Users/wangrenzhu/work/future-echo-ios/FutureEcho/Assets.xcassets

ExecuteExternalTool /Applications/Xcode.app/Contents/Developer/usr/bin/actool --version --output-format xml1

ExecuteExternalTool /Applications/Xcode.app/Contents/Developer/Toolchains/XcodeDefault.xctoolchain/usr/bin/swiftc --version

ExecuteExternalTool /Applications/Xcode.app/Contents/Developer/Toolchains/XcodeDefault.xctoolchain/usr/bin/ld -version_details

Build description signature: e525b28e92c399a82b316ca5252b6396
Build description path: /tmp/future-echo-final-derived/Build/Intermediates.noindex/XCBuildData/e525b28e92c399a82b316ca5252b6396.xcbuilddata
ClangStatCache /Applications/Xcode.app/Contents/Developer/Toolchains/XcodeDefault.xctoolchain/usr/bin/clang-stat-cache /Applications/Xcode.app/Contents/Developer/Platforms/iPhoneSimulator.platform/Developer/SDKs/iPhoneSimulator26.5.sdk /tmp/future-echo-final-derived/SDKStatCaches.noindex/iphonesimulator26.5-23F81a-6cfe768891a92b912361537c460fe42b.sdkstatcache
    cd /Users/wangrenzhu/work/future-echo-ios/FutureEcho.xcodeproj
    /Applications/Xcode.app/Contents/Developer/Toolchains/XcodeDefault.xctoolchain/usr/bin/clang-stat-cache /Applications/Xcode.app/Contents/Developer/Platforms/iPhoneSimulator.platform/Developer/SDKs/iPhoneSimulator26.5.sdk -o /tmp/future-echo-final-derived/SDKStatCaches.noindex/iphonesimulator26.5-23F81a-6cfe768891a92b912361537c460fe42b.sdkstatcache

CreateBuildDirectory /tmp/future-echo-final-derived/Build/Intermediates.noindex
    cd /Users/wangrenzhu/work/future-echo-ios/FutureEcho.xcodeproj
    builtin-create-build-directory /tmp/future-echo-final-derived/Build/Intermediates.noindex

CreateBuildDirectory /tmp/future-echo-final-derived/Build/Products
    cd /Users/wangrenzhu/work/future-echo-ios/FutureEcho.xcodeproj
    builtin-create-build-directory /tmp/future-echo-final-derived/Build/Products

CreateBuildDirectory /tmp/future-echo-final-derived/Build/Intermediates.noindex/ExplicitPrecompiledModules
    cd /Users/wangrenzhu/work/future-echo-ios/FutureEcho.xcodeproj
    builtin-create-build-directory /tmp/future-echo-final-derived/Build/Intermediates.noindex/ExplicitPrecompiledModules

CreateBuildDirectory /tmp/future-echo-final-derived/Build/Products/Debug-iphonesimulator
    cd /Users/wangrenzhu/work/future-echo-ios/FutureEcho.xcodeproj
    builtin-create-build-directory /tmp/future-echo-final-derived/Build/Products/Debug-iphonesimulator

CreateBuildDirectory /tmp/future-echo-final-derived/Build/Intermediates.noindex/SwiftExplicitPrecompiledModules
    cd /Users/wangrenzhu/work/future-echo-ios/FutureEcho.xcodeproj
    builtin-create-build-directory /tmp/future-echo-final-derived/Build/Intermediates.noindex/SwiftExplicitPrecompiledModules

CreateBuildDirectory /tmp/future-echo-final-derived/Build/Intermediates.noindex/EagerLinkingTBDs/Debug-iphonesimulator
    cd /Users/wangrenzhu/work/future-echo-ios/FutureEcho.xcodeproj
    builtin-create-build-directory /tmp/future-echo-final-derived/Build/Intermediates.noindex/EagerLinkingTBDs/Debug-iphonesimulator

WriteAuxiliaryFile /tmp/future-echo-final-derived/Build/Intermediates.noindex/FutureEcho.build/Debug-iphonesimulator/FutureEcho-90960910624733fa164e09faa3f82486-VFS-iphonesimulator/all-product-headers.yaml
    cd /Users/wangrenzhu/work/future-echo-ios/FutureEcho.xcodeproj
    write-file /tmp/future-echo-final-derived/Build/Intermediates.noindex/FutureEcho.build/Debug-iphonesimulator/FutureEcho-90960910624733fa164e09faa3f82486-VFS-iphonesimulator/all-product-headers.yaml

WriteAuxiliaryFile /tmp/future-echo-final-derived/Build/Intermediates.noindex/FutureEcho.build/Debug-iphonesimulator/FutureEcho.build/Objects-normal/x86_64/FutureEcho-OutputFileMap.json (in target 'FutureEcho' from project 'FutureEcho')
    cd /Users/wangrenzhu/work/future-echo-ios
    write-file /tmp/future-echo-final-derived/Build/Intermediates.noindex/FutureEcho.build/Debug-iphonesimulator/FutureEcho.build/Objects-normal/x86_64/FutureEcho-OutputFileMap.json

WriteAuxiliaryFile /tmp/future-echo-final-derived/Build/Intermediates.noindex/FutureEcho.build/Debug-iphonesimulator/FutureEcho.build/Objects-normal/x86_64/Future\ Echo.SwiftFileList (in target 'FutureEcho' from project 'FutureEcho')
    cd /Users/wangrenzhu/work/future-echo-ios
    write-file /tmp/future-echo-final-derived/Build/Intermediates.noindex/FutureEcho.build/Debug-iphonesimulator/FutureEcho.build/Objects-normal/x86_64/Future\ Echo.SwiftFileList

WriteAuxiliaryFile /tmp/future-echo-final-derived/Build/Intermediates.noindex/FutureEcho.build/Debug-iphonesimulator/FutureEcho.build/Objects-normal/x86_64/Future\ Echo.SwiftConstValuesFileList (in target 'FutureEcho' from project 'FutureEcho')
    cd /Users/wangrenzhu/work/future-echo-ios
    write-file /tmp/future-echo-final-derived/Build/Intermediates.noindex/FutureEcho.build/Debug-iphonesimulator/FutureEcho.build/Objects-normal/x86_64/Future\ Echo.SwiftConstValuesFileList

WriteAuxiliaryFile /tmp/future-echo-final-derived/Build/Intermediates.noindex/FutureEcho.build/Debug-iphonesimulator/FutureEcho.build/Objects-normal/arm64/FutureEcho_const_extract_protocols.json (in target 'FutureEcho' from project 'FutureEcho')
    cd /Users/wangrenzhu/work/future-echo-ios
    write-file /tmp/future-echo-final-derived/Build/Intermediates.noindex/FutureEcho.build/Debug-iphonesimulator/FutureEcho.build/Objects-normal/arm64/FutureEcho_const_extract_protocols.json

WriteAuxiliaryFile /tmp/future-echo-final-derived/Build/Intermediates.noindex/FutureEcho.build/Debug-iphonesimulator/FutureEcho.build/Objects-normal/x86_64/FutureEcho_const_extract_protocols.json (in target 'FutureEcho' from project 'FutureEcho')
    cd /Users/wangrenzhu/work/future-echo-ios
    write-file /tmp/future-echo-final-derived/Build/Intermediates.noindex/FutureEcho.build/Debug-iphonesimulator/FutureEcho.build/Objects-normal/x86_64/FutureEcho_const_extract_protocols.json

WriteAuxiliaryFile /tmp/future-echo-final-derived/Build/Intermediates.noindex/FutureEcho.build/Debug-iphonesimulator/FutureEcho.build/Objects-normal/arm64/FutureEcho-OutputFileMap.json (in target 'FutureEcho' from project 'FutureEcho')
    cd /Users/wangrenzhu/work/future-echo-ios
    write-file /tmp/future-echo-final-derived/Build/Intermediates.noindex/FutureEcho.build/Debug-iphonesimulator/FutureEcho.build/Objects-normal/arm64/FutureEcho-OutputFileMap.json

WriteAuxiliaryFile /tmp/future-echo-final-derived/Build/Intermediates.noindex/FutureEcho.build/Debug-iphonesimulator/FutureEcho.build/Objects-normal/x86_64/Future\ Echo.LinkFileList (in target 'FutureEcho' from project 'FutureEcho')
    cd /Users/wangrenzhu/work/future-echo-ios
    write-file /tmp/future-echo-final-derived/Build/Intermediates.noindex/FutureEcho.build/Debug-iphonesimulator/FutureEcho.build/Objects-normal/x86_64/Future\ Echo.LinkFileList

WriteAuxiliaryFile /tmp/future-echo-final-derived/Build/Intermediates.noindex/FutureEcho.build/Debug-iphonesimulator/FutureEcho.build/Objects-normal/arm64/Future\ Echo.SwiftConstValuesFileList (in target 'FutureEcho' from project 'FutureEcho')
    cd /Users/wangrenzhu/work/future-echo-ios
    write-file /tmp/future-echo-final-derived/Build/Intermediates.noindex/FutureEcho.build/Debug-iphonesimulator/FutureEcho.build/Objects-normal/arm64/Future\ Echo.SwiftConstValuesFileList

WriteAuxiliaryFile /tmp/future-echo-final-derived/Build/Intermediates.noindex/FutureEcho.build/Debug-iphonesimulator/FutureEcho.build/Objects-normal/arm64/Future\ Echo.SwiftFileList (in target 'FutureEcho' from project 'FutureEcho')
    cd /Users/wangrenzhu/work/future-echo-ios
    write-file /tmp/future-echo-final-derived/Build/Intermediates.noindex/FutureEcho.build/Debug-iphonesimulator/FutureEcho.build/Objects-normal/arm64/Future\ Echo.SwiftFileList

WriteAuxiliaryFile /tmp/future-echo-final-derived/Build/Intermediates.noindex/FutureEcho.build/Debug-iphonesimulator/FutureEcho.build/Objects-normal/arm64/Future\ Echo.LinkFileList (in target 'FutureEcho' from project 'FutureEcho')
    cd /Users/wangrenzhu/work/future-echo-ios
    write-file /tmp/future-echo-final-derived/Build/Intermediates.noindex/FutureEcho.build/Debug-iphonesimulator/FutureEcho.build/Objects-normal/arm64/Future\ Echo.LinkFileList

WriteAuxiliaryFile /tmp/future-echo-final-derived/Build/Intermediates.noindex/FutureEcho.build/Debug-iphonesimulator/FutureEcho.build/Future\ Echo.hmap (in target 'FutureEcho' from project 'FutureEcho')
    cd /Users/wangrenzhu/work/future-echo-ios
    write-file /tmp/future-echo-final-derived/Build/Intermediates.noindex/FutureEcho.build/Debug-iphonesimulator/FutureEcho.build/Future\ Echo.hmap

WriteAuxiliaryFile /tmp/future-echo-final-derived/Build/Intermediates.noindex/FutureEcho.build/Debug-iphonesimulator/FutureEcho.build/Future\ Echo.DependencyStaticMetadataFileList (in target 'FutureEcho' from project 'FutureEcho')
    cd /Users/wangrenzhu/work/future-echo-ios
    write-file /tmp/future-echo-final-derived/Build/Intermediates.noindex/FutureEcho.build/Debug-iphonesimulator/FutureEcho.build/Future\ Echo.DependencyStaticMetadataFileList

WriteAuxiliaryFile /tmp/future-echo-final-derived/Build/Intermediates.noindex/FutureEcho.build/Debug-iphonesimulator/FutureEcho.build/Future\ Echo.DependencyMetadataFileList (in target 'FutureEcho' from project 'FutureEcho')
    cd /Users/wangrenzhu/work/future-echo-ios
    write-file /tmp/future-echo-final-derived/Build/Intermediates.noindex/FutureEcho.build/Debug-iphonesimulator/FutureEcho.build/Future\ Echo.DependencyMetadataFileList

WriteAuxiliaryFile /tmp/future-echo-final-derived/Build/Intermediates.noindex/FutureEcho.build/Debug-iphonesimulator/FutureEcho.build/Future\ Echo-own-target-headers.hmap (in target 'FutureEcho' from project 'FutureEcho')
    cd /Users/wangrenzhu/work/future-echo-ios
    write-file /tmp/future-echo-final-derived/Build/Intermediates.noindex/FutureEcho.build/Debug-iphonesimulator/FutureEcho.build/Future\ Echo-own-target-headers.hmap

WriteAuxiliaryFile /tmp/future-echo-final-derived/Build/Intermediates.noindex/FutureEcho.build/Debug-iphonesimulator/FutureEcho.build/Future\ Echo-project-headers.hmap (in target 'FutureEcho' from project 'FutureEcho')
    cd /Users/wangrenzhu/work/future-echo-ios
    write-file /tmp/future-echo-final-derived/Build/Intermediates.noindex/FutureEcho.build/Debug-iphonesimulator/FutureEcho.build/Future\ Echo-project-headers.hmap

WriteAuxiliaryFile /tmp/future-echo-final-derived/Build/Intermediates.noindex/FutureEcho.build/Debug-iphonesimulator/FutureEcho.build/Future\ Echo-all-target-headers.hmap (in target 'FutureEcho' from project 'FutureEcho')
    cd /Users/wangrenzhu/work/future-echo-ios
    write-file /tmp/future-echo-final-derived/Build/Intermediates.noindex/FutureEcho.build/Debug-iphonesimulator/FutureEcho.build/Future\ Echo-all-target-headers.hmap

WriteAuxiliaryFile /tmp/future-echo-final-derived/Build/Intermediates.noindex/FutureEcho.build/Debug-iphonesimulator/FutureEcho.build/Future\ Echo-generated-files.hmap (in target 'FutureEcho' from project 'FutureEcho')
    cd /Users/wangrenzhu/work/future-echo-ios
    write-file /tmp/future-echo-final-derived/Build/Intermediates.noindex/FutureEcho.build/Debug-iphonesimulator/FutureEcho.build/Future\ Echo-generated-files.hmap

WriteAuxiliaryFile /tmp/future-echo-final-derived/Build/Intermediates.noindex/FutureEcho.build/Debug-iphonesimulator/FutureEcho.build/Future\ Echo-all-non-framework-target-headers.hmap (in target 'FutureEcho' from project 'FutureEcho')
    cd /Users/wangrenzhu/work/future-echo-ios
    write-file /tmp/future-echo-final-derived/Build/Intermediates.noindex/FutureEcho.build/Debug-iphonesimulator/FutureEcho.build/Future\ Echo-all-non-framework-target-headers.hmap

WriteAuxiliaryFile /tmp/future-echo-final-derived/Build/Intermediates.noindex/FutureEcho.build/Debug-iphonesimulator/FutureEcho.build/Future\ Echo-DebugDylibPath-normal-x86_64.txt (in target 'FutureEcho' from project 'FutureEcho')
    cd /Users/wangrenzhu/work/future-echo-ios
    write-file /tmp/future-echo-final-derived/Build/Intermediates.noindex/FutureEcho.build/Debug-iphonesimulator/FutureEcho.build/Future\ Echo-DebugDylibPath-normal-x86_64.txt

WriteAuxiliaryFile /tmp/future-echo-final-derived/Build/Intermediates.noindex/FutureEcho.build/Debug-iphonesimulator/FutureEcho.build/Future\ Echo-DebugDylibPath-normal-arm64.txt (in target 'FutureEcho' from project 'FutureEcho')
    cd /Users/wangrenzhu/work/future-echo-ios
    write-file /tmp/future-echo-final-derived/Build/Intermediates.noindex/FutureEcho.build/Debug-iphonesimulator/FutureEcho.build/Future\ Echo-DebugDylibPath-normal-arm64.txt

WriteAuxiliaryFile /tmp/future-echo-final-derived/Build/Intermediates.noindex/FutureEcho.build/Debug-iphonesimulator/FutureEcho.build/Future\ Echo-DebugDylibInstallName-normal-x86_64.txt (in target 'FutureEcho' from project 'FutureEcho')
    cd /Users/wangrenzhu/work/future-echo-ios
    write-file /tmp/future-echo-final-derived/Build/Intermediates.noindex/FutureEcho.build/Debug-iphonesimulator/FutureEcho.build/Future\ Echo-DebugDylibInstallName-normal-x86_64.txt

WriteAuxiliaryFile /tmp/future-echo-final-derived/Build/Intermediates.noindex/FutureEcho.build/Debug-iphonesimulator/FutureEcho.build/Future\ Echo-DebugDylibInstallName-normal-arm64.txt (in target 'FutureEcho' from project 'FutureEcho')
    cd /Users/wangrenzhu/work/future-echo-ios
    write-file /tmp/future-echo-final-derived/Build/Intermediates.noindex/FutureEcho.build/Debug-iphonesimulator/FutureEcho.build/Future\ Echo-DebugDylibInstallName-normal-arm64.txt

MkDir /tmp/future-echo-final-derived/Build/Products/Debug-iphonesimulator/Future\ Echo.app (in target 'FutureEcho' from project 'FutureEcho')
    cd /Users/wangrenzhu/work/future-echo-ios
    /bin/mkdir -p /tmp/future-echo-final-derived/Build/Products/Debug-iphonesimulator/Future\ Echo.app

GenerateAssetSymbols /Users/wangrenzhu/work/future-echo-ios/FutureEcho/Assets.xcassets (in target 'FutureEcho' from project 'FutureEcho')
    cd /Users/wangrenzhu/work/future-echo-ios
    /Applications/Xcode.app/Contents/Developer/usr/bin/actool /Users/wangrenzhu/work/future-echo-ios/FutureEcho/Assets.xcassets --compile /tmp/future-echo-final-derived/Build/Products/Debug-iphonesimulator/Future\ Echo.app --output-format human-readable-text --notices --warnings --export-dependency-info /tmp/future-echo-final-derived/Build/Intermediates.noindex/FutureEcho.build/Debug-iphonesimulator/FutureEcho.build/assetcatalog_dependencies --output-partial-info-plist /tmp/future-echo-final-derived/Build/Intermediates.noindex/FutureEcho.build/Debug-iphonesimulator/FutureEcho.build/assetcatalog_generated_info.plist --app-icon AppIcon --accent-color AccentColor --compress-pngs --enable-on-demand-resources YES --development-region en --target-device iphone --minimum-deployment-target 14.0 --platform iphonesimulator --bundle-identifier com.wangrenzhu.futureecho --generate-swift-asset-symbol-extensions NO --generate-swift-asset-symbols /tmp/future-echo-final-derived/Build/Intermediates.noindex/FutureEcho.build/Debug-iphonesimulator/FutureEcho.build/DerivedSources/GeneratedAssetSymbols.swift --generate-objc-asset-symbols /tmp/future-echo-final-derived/Build/Intermediates.noindex/FutureEcho.build/Debug-iphonesimulator/FutureEcho.build/DerivedSources/GeneratedAssetSymbols.h --generate-asset-symbol-index /tmp/future-echo-final-derived/Build/Intermediates.noindex/FutureEcho.build/Debug-iphonesimulator/FutureEcho.build/DerivedSources/GeneratedAssetSymbols-Index.plist
/* com.apple.actool.compilation-results */
/tmp/future-echo-final-derived/Build/Intermediates.noindex/FutureEcho.build/Debug-iphonesimulator/FutureEcho.build/DerivedSources/GeneratedAssetSymbols-Index.plist
/tmp/future-echo-final-derived/Build/Intermediates.noindex/FutureEcho.build/Debug-iphonesimulator/FutureEcho.build/DerivedSources/GeneratedAssetSymbols.h
/tmp/future-echo-final-derived/Build/Intermediates.noindex/FutureEcho.build/Debug-iphonesimulator/FutureEcho.build/DerivedSources/GeneratedAssetSymbols.swift


MkDir /tmp/future-echo-final-derived/Build/Intermediates.noindex/FutureEcho.build/Debug-iphonesimulator/FutureEcho.build/assetcatalog_output/thinned (in target 'FutureEcho' from project 'FutureEcho')
    cd /Users/wangrenzhu/work/future-echo-ios
    /bin/mkdir -p /tmp/future-echo-final-derived/Build/Intermediates.noindex/FutureEcho.build/Debug-iphonesimulator/FutureEcho.build/assetcatalog_output/thinned

MkDir /tmp/future-echo-final-derived/Build/Intermediates.noindex/FutureEcho.build/Debug-iphonesimulator/FutureEcho.build/assetcatalog_output/unthinned (in target 'FutureEcho' from project 'FutureEcho')
    cd /Users/wangrenzhu/work/future-echo-ios
    /bin/mkdir -p /tmp/future-echo-final-derived/Build/Intermediates.noindex/FutureEcho.build/Debug-iphonesimulator/FutureEcho.build/assetcatalog_output/unthinned

Ld /tmp/future-echo-final-derived/Build/Intermediates.noindex/FutureEcho.build/Debug-iphonesimulator/FutureEcho.build/Objects-normal/arm64/Binary/__preview.dylib normal arm64 (in target 'FutureEcho' from project 'FutureEcho')
    cd /Users/wangrenzhu/work/future-echo-ios
    /Applications/Xcode.app/Contents/Developer/Toolchains/XcodeDefault.xctoolchain/usr/bin/clang -Xlinker -reproducible -target arm64-apple-ios14.0-simulator -dynamiclib -isysroot /Applications/Xcode.app/Contents/Developer/Platforms/iPhoneSimulator.platform/Developer/SDKs/iPhoneSimulator26.5.sdk -O0 -L/tmp/future-echo-final-derived/Build/Products/Debug-iphonesimulator -F/tmp/future-echo-final-derived/Build/Products/Debug-iphonesimulator -install_name @rpath/Future\ Echo.debug.dylib -Xlinker -dead_strip -rdynamic -Xlinker -no_deduplicate -Xlinker -objc_abi_version -Xlinker 2 -Xlinker -dependency_info -Xlinker /tmp/future-echo-final-derived/Build/Intermediates.noindex/FutureEcho.build/Debug-iphonesimulator/FutureEcho.build/Objects-normal/arm64/Future\ Echo_dependency_info.dat -o /tmp/future-echo-final-derived/Build/Intermediates.noindex/FutureEcho.build/Debug-iphonesimulator/FutureEcho.build/Objects-normal/arm64/Binary/__preview.dylib

Ld /tmp/future-echo-final-derived/Build/Intermediates.noindex/FutureEcho.build/Debug-iphonesimulator/FutureEcho.build/Objects-normal/x86_64/Binary/__preview.dylib normal x86_64 (in target 'FutureEcho' from project 'FutureEcho')
    cd /Users/wangrenzhu/work/future-echo-ios
    /Applications/Xcode.app/Contents/Developer/Toolchains/XcodeDefault.xctoolchain/usr/bin/clang -Xlinker -reproducible -target x86_64-apple-ios14.0-simulator -dynamiclib -isysroot /Applications/Xcode.app/Contents/Developer/Platforms/iPhoneSimulator.platform/Developer/SDKs/iPhoneSimulator26.5.sdk -O0 -L/tmp/future-echo-final-derived/Build/Products/Debug-iphonesimulator -F/tmp/future-echo-final-derived/Build/Products/Debug-iphonesimulator -install_name @rpath/Future\ Echo.debug.dylib -Xlinker -dead_strip -rdynamic -Xlinker -no_deduplicate -Xlinker -objc_abi_version -Xlinker 2 -Xlinker -dependency_info -Xlinker /tmp/future-echo-final-derived/Build/Intermediates.noindex/FutureEcho.build/Debug-iphonesimulator/FutureEcho.build/Objects-normal/x86_64/Future\ Echo_dependency_info.dat -o /tmp/future-echo-final-derived/Build/Intermediates.noindex/FutureEcho.build/Debug-iphonesimulator/FutureEcho.build/Objects-normal/x86_64/Binary/__preview.dylib

CpResource /tmp/future-echo-final-derived/Build/Products/Debug-iphonesimulator/Future\ Echo.app/PrivacyInfo.xcprivacy /Users/wangrenzhu/work/future-echo-ios/FutureEcho/PrivacyInfo.xcprivacy (in target 'FutureEcho' from project 'FutureEcho')
    cd /Users/wangrenzhu/work/future-echo-ios
    builtin-copy -exclude .DS_Store -exclude CVS -exclude .svn -exclude .git -exclude .hg -resolve-src-symlinks /Users/wangrenzhu/work/future-echo-ios/FutureEcho/PrivacyInfo.xcprivacy /tmp/future-echo-final-derived/Build/Products/Debug-iphonesimulator/Future\ Echo.app

CpResource /tmp/future-echo-final-derived/Build/Products/Debug-iphonesimulator/Future\ Echo.app/FutureEcho.storekit /Users/wangrenzhu/work/future-echo-ios/FutureEcho/StoreKit/FutureEcho.storekit (in target 'FutureEcho' from project 'FutureEcho')
    cd /Users/wangrenzhu/work/future-echo-ios
    builtin-copy -exclude .DS_Store -exclude CVS -exclude .svn -exclude .git -exclude .hg -resolve-src-symlinks /Users/wangrenzhu/work/future-echo-ios/FutureEcho/StoreKit/FutureEcho.storekit /tmp/future-echo-final-derived/Build/Products/Debug-iphonesimulator/Future\ Echo.app

CopyStringsFile /tmp/future-echo-final-derived/Build/Products/Debug-iphonesimulator/Future\ Echo.app/en.lproj/Localizable.strings /Users/wangrenzhu/work/future-echo-ios/FutureEcho/Resources/en.lproj/Localizable.strings (in target 'FutureEcho' from project 'FutureEcho')
    cd /Users/wangrenzhu/work/future-echo-ios
    builtin-copyStrings --validate --outputencoding binary --outfilename Localizable.strings --outdir /tmp/future-echo-final-derived/Build/Products/Debug-iphonesimulator/Future\ Echo.app/en.lproj -- /Users/wangrenzhu/work/future-echo-ios/FutureEcho/Resources/en.lproj/Localizable.strings
/Users/wangrenzhu/work/future-echo-ios/FutureEcho/Resources/en.lproj/Localizable.strings:1:1: note: detected encoding of input file as Unicode (UTF-8) (in target 'FutureEcho' from project 'FutureEcho')

CompileAssetCatalogVariant thinned /tmp/future-echo-final-derived/Build/Products/Debug-iphonesimulator/Future\ Echo.app /Users/wangrenzhu/work/future-echo-ios/FutureEcho/Assets.xcassets (in target 'FutureEcho' from project 'FutureEcho')
    cd /Users/wangrenzhu/work/future-echo-ios
    /Applications/Xcode.app/Contents/Developer/usr/bin/actool /Users/wangrenzhu/work/future-echo-ios/FutureEcho/Assets.xcassets --compile /tmp/future-echo-final-derived/Build/Intermediates.noindex/FutureEcho.build/Debug-iphonesimulator/FutureEcho.build/assetcatalog_output/thinned --output-format human-readable-text --notices --warnings --export-dependency-info /tmp/future-echo-final-derived/Build/Intermediates.noindex/FutureEcho.build/Debug-iphonesimulator/FutureEcho.build/assetcatalog_dependencies_thinned --output-partial-info-plist /tmp/future-echo-final-derived/Build/Intermediates.noindex/FutureEcho.build/Debug-iphonesimulator/FutureEcho.build/assetcatalog_generated_info.plist_thinned --app-icon AppIcon --accent-color AccentColor --compress-pngs --enable-on-demand-resources YES --development-region en --target-device iphone --minimum-deployment-target 14.0 --platform iphonesimulator
/* com.apple.actool.compilation-results */
/tmp/future-echo-final-derived/Build/Intermediates.noindex/FutureEcho.build/Debug-iphonesimulator/FutureEcho.build/assetcatalog_generated_info.plist_thinned
/tmp/future-echo-final-derived/Build/Intermediates.noindex/FutureEcho.build/Debug-iphonesimulator/FutureEcho.build/assetcatalog_output/thinned/AppIcon60x60@2x.png
/tmp/future-echo-final-derived/Build/Intermediates.noindex/FutureEcho.build/Debug-iphonesimulator/FutureEcho.build/assetcatalog_output/thinned/AppIcon76x76@2x~ipad.png
/tmp/future-echo-final-derived/Build/Intermediates.noindex/FutureEcho.build/Debug-iphonesimulator/FutureEcho.build/assetcatalog_output/thinned/Assets.car


CreateUniversalBinary /tmp/future-echo-final-derived/Build/Products/Debug-iphonesimulator/Future\ Echo.app/__preview.dylib normal arm64\ x86_64 (in target 'FutureEcho' from project 'FutureEcho')
    cd /Users/wangrenzhu/work/future-echo-ios
    /Applications/Xcode.app/Contents/Developer/Toolchains/XcodeDefault.xctoolchain/usr/bin/lipo -create /tmp/future-echo-final-derived/Build/Intermediates.noindex/FutureEcho.build/Debug-iphonesimulator/FutureEcho.build/Objects-normal/arm64/Binary/__preview.dylib /tmp/future-echo-final-derived/Build/Intermediates.noindex/FutureEcho.build/Debug-iphonesimulator/FutureEcho.build/Objects-normal/x86_64/Binary/__preview.dylib -output /tmp/future-echo-final-derived/Build/Products/Debug-iphonesimulator/Future\ Echo.app/__preview.dylib

SwiftDriver FutureEcho normal x86_64 com.apple.xcode.tools.swift.compiler (in target 'FutureEcho' from project 'FutureEcho')
    cd /Users/wangrenzhu/work/future-echo-ios
    builtin-SwiftDriver -- /Applications/Xcode.app/Contents/Developer/Toolchains/XcodeDefault.xctoolchain/usr/bin/swiftc -module-name Future_Echo -Onone @/tmp/future-echo-final-derived/Build/Intermediates.noindex/FutureEcho.build/Debug-iphonesimulator/FutureEcho.build/Objects-normal/x86_64/Future\ Echo.SwiftFileList -DDEBUG -enable-bare-slash-regex -enable-experimental-feature DebugDescriptionMacro -sdk /Applications/Xcode.app/Contents/Developer/Platforms/iPhoneSimulator.platform/Developer/SDKs/iPhoneSimulator26.5.sdk -target x86_64-apple-ios14.0-simulator -g -module-cache-path /tmp/future-echo-final-derived/ModuleCache.noindex -Xfrontend -serialize-debugging-options -enable-testing -index-store-path /tmp/future-echo-final-derived/Index.noindex/DataStore -Xcc -D_LIBCPP_HARDENING_MODE\=_LIBCPP_HARDENING_MODE_DEBUG -swift-version 5 -I /tmp/future-echo-final-derived/Build/Products/Debug-iphonesimulator -F /tmp/future-echo-final-derived/Build/Products/Debug-iphonesimulator -c -j10 -enable-batch-mode -incremental -Xcc -ivfsstatcache -Xcc /tmp/future-echo-final-derived/SDKStatCaches.noindex/iphonesimulator26.5-23F81a-6cfe768891a92b912361537c460fe42b.sdkstatcache -output-file-map /tmp/future-echo-final-derived/Build/Intermediates.noindex/FutureEcho.build/Debug-iphonesimulator/FutureEcho.build/Objects-normal/x86_64/FutureEcho-OutputFileMap.json -use-frontend-parseable-output -save-temps -no-color-diagnostics -explicit-module-build -module-cache-path /tmp/future-echo-final-derived/Build/Intermediates.noindex/SwiftExplicitPrecompiledModules -clang-scanner-module-cache-path /tmp/future-echo-final-derived/ModuleCache.noindex -sdk-module-cache-path /tmp/future-echo-final-derived/ModuleCache.noindex -serialize-diagnostics -emit-dependencies -emit-module -emit-module-path /tmp/future-echo-final-derived/Build/Intermediates.noindex/FutureEcho.build/Debug-iphonesimulator/FutureEcho.build/Objects-normal/x86_64/Future_Echo.swiftmodule -validate-clang-modules-once -clang-build-session-file /tmp/future-echo-final-derived/ModuleCache.noindex/Session.modulevalidation -Xcc -I/tmp/future-echo-final-derived/Build/Intermediates.noindex/FutureEcho.build/Debug-iphonesimulator/FutureEcho.build/swift-overrides.hmap -emit-const-values -Xfrontend -const-gather-protocols-file -Xfrontend /tmp/future-echo-final-derived/Build/Intermediates.noindex/FutureEcho.build/Debug-iphonesimulator/FutureEcho.build/Objects-normal/x86_64/FutureEcho_const_extract_protocols.json -Xcc -iquote -Xcc /tmp/future-echo-final-derived/Build/Intermediates.noindex/FutureEcho.build/Debug-iphonesimulator/FutureEcho.build/Future\ Echo-generated-files.hmap -Xcc -I/tmp/future-echo-final-derived/Build/Intermediates.noindex/FutureEcho.build/Debug-iphonesimulator/FutureEcho.build/Future\ Echo-own-target-headers.hmap -Xcc -I/tmp/future-echo-final-derived/Build/Intermediates.noindex/FutureEcho.build/Debug-iphonesimulator/FutureEcho.build/Future\ Echo-all-target-headers.hmap -Xcc -iquote -Xcc /tmp/future-echo-final-derived/Build/Intermediates.noindex/FutureEcho.build/Debug-iphonesimulator/FutureEcho.build/Future\ Echo-project-headers.hmap -Xcc -I/tmp/future-echo-final-derived/Build/Products/Debug-iphonesimulator/include -Xcc -I/tmp/future-echo-final-derived/Build/Intermediates.noindex/FutureEcho.build/Debug-iphonesimulator/FutureEcho.build/DerivedSources-normal/x86_64 -Xcc -I/tmp/future-echo-final-derived/Build/Intermediates.noindex/FutureEcho.build/Debug-iphonesimulator/FutureEcho.build/DerivedSources/x86_64 -Xcc -I/tmp/future-echo-final-derived/Build/Intermediates.noindex/FutureEcho.build/Debug-iphonesimulator/FutureEcho.build/DerivedSources -Xcc -DDEBUG\=1 -emit-objc-header -emit-objc-header-path /tmp/future-echo-final-derived/Build/Intermediates.noindex/FutureEcho.build/Debug-iphonesimulator/FutureEcho.build/Objects-normal/x86_64/Future_Echo-Swift.h -working-directory /Users/wangrenzhu/work/future-echo-ios -experimental-emit-module-separately -disable-cmo

SwiftDriver FutureEcho normal arm64 com.apple.xcode.tools.swift.compiler (in target 'FutureEcho' from project 'FutureEcho')
    cd /Users/wangrenzhu/work/future-echo-ios
    builtin-SwiftDriver -- /Applications/Xcode.app/Contents/Developer/Toolchains/XcodeDefault.xctoolchain/usr/bin/swiftc -module-name Future_Echo -Onone @/tmp/future-echo-final-derived/Build/Intermediates.noindex/FutureEcho.build/Debug-iphonesimulator/FutureEcho.build/Objects-normal/arm64/Future\ Echo.SwiftFileList -DDEBUG -enable-bare-slash-regex -enable-experimental-feature DebugDescriptionMacro -sdk /Applications/Xcode.app/Contents/Developer/Platforms/iPhoneSimulator.platform/Developer/SDKs/iPhoneSimulator26.5.sdk -target arm64-apple-ios14.0-simulator -g -module-cache-path /tmp/future-echo-final-derived/ModuleCache.noindex -Xfrontend -serialize-debugging-options -enable-testing -index-store-path /tmp/future-echo-final-derived/Index.noindex/DataStore -Xcc -D_LIBCPP_HARDENING_MODE\=_LIBCPP_HARDENING_MODE_DEBUG -swift-version 5 -I /tmp/future-echo-final-derived/Build/Products/Debug-iphonesimulator -F /tmp/future-echo-final-derived/Build/Products/Debug-iphonesimulator -c -j10 -enable-batch-mode -incremental -Xcc -ivfsstatcache -Xcc /tmp/future-echo-final-derived/SDKStatCaches.noindex/iphonesimulator26.5-23F81a-6cfe768891a92b912361537c460fe42b.sdkstatcache -output-file-map /tmp/future-echo-final-derived/Build/Intermediates.noindex/FutureEcho.build/Debug-iphonesimulator/FutureEcho.build/Objects-normal/arm64/FutureEcho-OutputFileMap.json -use-frontend-parseable-output -save-temps -no-color-diagnostics -explicit-module-build -module-cache-path /tmp/future-echo-final-derived/Build/Intermediates.noindex/SwiftExplicitPrecompiledModules -clang-scanner-module-cache-path /tmp/future-echo-final-derived/ModuleCache.noindex -sdk-module-cache-path /tmp/future-echo-final-derived/ModuleCache.noindex -serialize-diagnostics -emit-dependencies -emit-module -emit-module-path /tmp/future-echo-final-derived/Build/Intermediates.noindex/FutureEcho.build/Debug-iphonesimulator/FutureEcho.build/Objects-normal/arm64/Future_Echo.swiftmodule -validate-clang-modules-once -clang-build-session-file /tmp/future-echo-final-derived/ModuleCache.noindex/Session.modulevalidation -Xcc -I/tmp/future-echo-final-derived/Build/Intermediates.noindex/FutureEcho.build/Debug-iphonesimulator/FutureEcho.build/swift-overrides.hmap -emit-const-values -Xfrontend -const-gather-protocols-file -Xfrontend /tmp/future-echo-final-derived/Build/Intermediates.noindex/FutureEcho.build/Debug-iphonesimulator/FutureEcho.build/Objects-normal/arm64/FutureEcho_const_extract_protocols.json -Xcc -iquote -Xcc /tmp/future-echo-final-derived/Build/Intermediates.noindex/FutureEcho.build/Debug-iphonesimulator/FutureEcho.build/Future\ Echo-generated-files.hmap -Xcc -I/tmp/future-echo-final-derived/Build/Intermediates.noindex/FutureEcho.build/Debug-iphonesimulator/FutureEcho.build/Future\ Echo-own-target-headers.hmap -Xcc -I/tmp/future-echo-final-derived/Build/Intermediates.noindex/FutureEcho.build/Debug-iphonesimulator/FutureEcho.build/Future\ Echo-all-target-headers.hmap -Xcc -iquote -Xcc /tmp/future-echo-final-derived/Build/Intermediates.noindex/FutureEcho.build/Debug-iphonesimulator/FutureEcho.build/Future\ Echo-project-headers.hmap -Xcc -I/tmp/future-echo-final-derived/Build/Products/Debug-iphonesimulator/include -Xcc -I/tmp/future-echo-final-derived/Build/Intermediates.noindex/FutureEcho.build/Debug-iphonesimulator/FutureEcho.build/DerivedSources-normal/arm64 -Xcc -I/tmp/future-echo-final-derived/Build/Intermediates.noindex/FutureEcho.build/Debug-iphonesimulator/FutureEcho.build/DerivedSources/arm64 -Xcc -I/tmp/future-echo-final-derived/Build/Intermediates.noindex/FutureEcho.build/Debug-iphonesimulator/FutureEcho.build/DerivedSources -Xcc -DDEBUG\=1 -emit-objc-header -emit-objc-header-path /tmp/future-echo-final-derived/Build/Intermediates.noindex/FutureEcho.build/Debug-iphonesimulator/FutureEcho.build/Objects-normal/arm64/Future_Echo-Swift.h -working-directory /Users/wangrenzhu/work/future-echo-ios -experimental-emit-module-separately -disable-cmo

SwiftExplicitDependencyGeneratePcm x86_64 /tmp/future-echo-final-derived/ModuleCache.noindex/ptrcheck-BCK8T32AIPDA8A38OA7ZTWZYP.pcm

SwiftExplicitDependencyGeneratePcm x86_64 /tmp/future-echo-final-derived/ModuleCache.noindex/ptrauth-CVTA2GNDP31L54FW8387JAKL0.pcm

SwiftExplicitDependencyGeneratePcm x86_64 /tmp/future-echo-final-derived/ModuleCache.noindex/_Builtin_stdarg-8OH2EN5BNA5T04NFPPZMFTJM0.pcm

SwiftExplicitDependencyGeneratePcm x86_64 /tmp/future-echo-final-derived/ModuleCache.noindex/DeveloperToolsSupport-AY5GFA08RU21VLIDVJALV7DLA.pcm

SwiftExplicitDependencyGeneratePcm x86_64 /tmp/future-echo-final-derived/ModuleCache.noindex/_Builtin_float-2FPMWN41YRAJ0I5ZXNN4LT7Z6.pcm

SwiftExplicitDependencyGeneratePcm x86_64 /tmp/future-echo-final-derived/ModuleCache.noindex/_SwiftConcurrencyShims-AI1S5NP7MCUNAL9M0WZY2BWPG.pcm

SwiftExplicitDependencyGeneratePcm x86_64 /tmp/future-echo-final-derived/ModuleCache.noindex/SwiftShims-NEAF53Y8M592A7IHK20ECZJO.pcm

SwiftExplicitDependencyGeneratePcm x86_64 /tmp/future-echo-final-derived/ModuleCache.noindex/_Builtin_stddef-48RTLLCAF6E2R0TX6D4BHIDF7.pcm

SwiftExplicitDependencyGeneratePcm x86_64 /tmp/future-echo-final-derived/ModuleCache.noindex/_AvailabilityInternal-E69H77L9ZWBA4ESF9S778JLDR.pcm

SwiftExplicitDependencyGeneratePcm arm64 /tmp/future-echo-final-derived/ModuleCache.noindex/_Builtin_float-7M2MCZDHM4C7HWH55J349IH42.pcm

SwiftExplicitDependencyGeneratePcm arm64 /tmp/future-echo-final-derived/ModuleCache.noindex/DeveloperToolsSupport-7HKB718SPEGSN6Y2XUX8PL6UL.pcm

SwiftExplicitDependencyGeneratePcm arm64 /tmp/future-echo-final-derived/ModuleCache.noindex/SwiftShims-DQ16FWTL04T9YWITQYSFEIMXI.pcm

SwiftExplicitDependencyGeneratePcm arm64 /tmp/future-echo-final-derived/ModuleCache.noindex/_Builtin_stdarg-9U3QMYTACHHR4ETG1TV726VS8.pcm

SwiftExplicitDependencyGeneratePcm arm64 /tmp/future-echo-final-derived/ModuleCache.noindex/_Builtin_stdbool-1K9GGMWRWDYMHNAIX0FHDBOIG.pcm

SwiftExplicitDependencyGeneratePcm arm64 /tmp/future-echo-final-derived/ModuleCache.noindex/_AvailabilityInternal-24TAHD82Q0GHLA4TBLLZ97NV1.pcm

SwiftExplicitDependencyGeneratePcm arm64 /tmp/future-echo-final-derived/ModuleCache.noindex/_Builtin_stddef-6NF1IIANDF9KC8GY14H8KUOYL.pcm

SwiftExplicitDependencyGeneratePcm arm64 /tmp/future-echo-final-derived/ModuleCache.noindex/ptrauth-7O4HRAODS76PAEJBY31KXH4TW.pcm

SwiftExplicitDependencyGeneratePcm arm64 /tmp/future-echo-final-derived/ModuleCache.noindex/_SwiftConcurrencyShims-EMF25HFAAK829U95ZFLVNVCI1.pcm

SwiftExplicitDependencyGeneratePcm x86_64 /tmp/future-echo-final-derived/ModuleCache.noindex/_DarwinFoundation1-B0T4J9J9EEX8VREYFXNAG0UH5.pcm

SwiftExplicitDependencyGeneratePcm arm64 /tmp/future-echo-final-derived/ModuleCache.noindex/ptrcheck-8C5UBV9AEVZXH334H4G1GT8WL.pcm

SwiftExplicitDependencyGeneratePcm x86_64 /tmp/future-echo-final-derived/ModuleCache.noindex/_Builtin_stdbool-9I6QUKJ3BEV5K23HJTG11201H.pcm

SwiftExplicitDependencyGeneratePcm arm64 /tmp/future-echo-final-derived/ModuleCache.noindex/_DarwinFoundation1-753EW0ZGBRN6ANT4TSK71H5PT.pcm

SwiftExplicitDependencyGeneratePcm x86_64 /tmp/future-echo-final-derived/ModuleCache.noindex/_DarwinFoundation2-8GDQ1VBDZ99CCCUQ5DI6OK894.pcm

SwiftExplicitDependencyGeneratePcm x86_64 /tmp/future-echo-final-derived/ModuleCache.noindex/_Builtin_limits-47D2IE29XLKB1Z3KV1FUO7B36.pcm

SwiftExplicitDependencyGeneratePcm x86_64 /tmp/future-echo-final-derived/ModuleCache.noindex/ExtensionFoundation-26UUXEGWN3O7PZFMWQ2T4XTB6.pcm

SwiftExplicitDependencyGeneratePcm arm64 /tmp/future-echo-final-derived/ModuleCache.noindex/_DarwinFoundation2-3TLNL8XDDBRLW9G6LID72GN9S.pcm

SwiftExplicitDependencyGeneratePcm arm64 /tmp/future-echo-final-derived/ModuleCache.noindex/_Builtin_limits-3JZYTGFF65I4Y9YFO23OAV24X.pcm

SwiftExplicitDependencyGeneratePcm arm64 /tmp/future-echo-final-derived/ModuleCache.noindex/ExtensionFoundation-FJT4EBBAXH8M3KXLGCIHAY97.pcm

SwiftExplicitDependencyGeneratePcm x86_64 /tmp/future-echo-final-derived/ModuleCache.noindex/sys_types-AVLY8XEM9Y123DOB0WSIJLKIE.pcm

SwiftExplicitDependencyGeneratePcm x86_64 /tmp/future-echo-final-derived/ModuleCache.noindex/_Builtin_tgmath-5EG1UFUCS7M9PA8XPGZPZ1H9N.pcm

SwiftExplicitDependencyGeneratePcm x86_64 /tmp/future-echo-final-derived/ModuleCache.noindex/_Builtin_stdint-4BDIKRT6XX681HGYY7T14SD85.pcm

SwiftExplicitDependencyGeneratePcm x86_64 /tmp/future-echo-final-derived/ModuleCache.noindex/_Builtin_stdatomic-4FH9ILK5ZSW9N8ZF13ZNSVCG4.pcm

SwiftExplicitDependencyGeneratePcm x86_64 /tmp/future-echo-final-derived/ModuleCache.noindex/_DarwinFoundation3-B5OBM3BS5D8IURXVPY4PGC648.pcm

SwiftExplicitDependencyGeneratePcm arm64 /tmp/future-echo-final-derived/ModuleCache.noindex/sys_types-4YN03XIB56RZ5LJGU12OBHWIP.pcm

SwiftExplicitDependencyGeneratePcm arm64 /tmp/future-echo-final-derived/ModuleCache.noindex/_Builtin_tgmath-7JILR2KSVHF26Q8ATKNXSFEVH.pcm

SwiftExplicitDependencyGeneratePcm arm64 /tmp/future-echo-final-derived/ModuleCache.noindex/_Builtin_stdint-3SBE8AWUF5LEROH6AMGVCY12T.pcm

SwiftExplicitDependencyGeneratePcm arm64 /tmp/future-echo-final-derived/ModuleCache.noindex/_Builtin_intrinsics-C3ZBMQNW91JGZ74U3GDWBEP1L.pcm

SwiftExplicitDependencyGeneratePcm arm64 /tmp/future-echo-final-derived/ModuleCache.noindex/_Builtin_stdatomic-13S671FH9IG6UP31XFZP8539J.pcm

SwiftExplicitDependencyGeneratePcm arm64 /tmp/future-echo-final-derived/ModuleCache.noindex/_DarwinFoundation3-2Q5OXV94V5OQX1O69QMMRS5F6.pcm

SwiftExplicitDependencyGeneratePcm x86_64 /tmp/future-echo-final-derived/ModuleCache.noindex/_Builtin_intrinsics-ESHZIJQQBRP7XR389EHKBR7UB.pcm

SwiftExplicitDependencyGeneratePcm x86_64 /tmp/future-echo-final-derived/ModuleCache.noindex/_Builtin_inttypes-B8R4UXG50CMVR6R2A34CAZ16S.pcm

SwiftExplicitDependencyGeneratePcm x86_64 /tmp/future-echo-final-derived/ModuleCache.noindex/Darwin-GUU5H2AWCSGITEX9UJJRD542.pcm

SwiftExplicitDependencyGeneratePcm arm64 /tmp/future-echo-final-derived/ModuleCache.noindex/_Builtin_inttypes-1C7AFANPK69TFZAMSJVJQ09UK.pcm

SwiftExplicitDependencyGeneratePcm arm64 /tmp/future-echo-final-derived/ModuleCache.noindex/Darwin-73O8KEKAKGE03R20OWZHZ1C8M.pcm

SwiftExplicitDependencyGeneratePcm arm64 /tmp/future-echo-final-derived/ModuleCache.noindex/simd-3QRR5Z56X04VF9JMUPLVGLOPW.pcm

SwiftExplicitDependencyGeneratePcm x86_64 /tmp/future-echo-final-derived/ModuleCache.noindex/simd-B52ZHYBEDQGOX048PWYHHXP1L.pcm

SwiftExplicitDependencyGeneratePcm x86_64 /tmp/future-echo-final-derived/ModuleCache.noindex/ObjectiveC-2A3T7RKF8RY9LXZPRKSW8PZJN.pcm

SwiftExplicitDependencyGeneratePcm x86_64 /tmp/future-echo-final-derived/ModuleCache.noindex/MachO-8FO0W1DK7PLZOUXRN05C4B4C2.pcm

SwiftExplicitDependencyGeneratePcm arm64 /tmp/future-echo-final-derived/ModuleCache.noindex/MachO-F0IRA22UAH2ARA1QXK99ME4Z2.pcm

SwiftExplicitDependencyGeneratePcm arm64 /tmp/future-echo-final-derived/ModuleCache.noindex/ObjectiveC-4CVINQKD4MNW2ATXJMAD35GAN.pcm

SwiftExplicitDependencyGeneratePcm x86_64 /tmp/future-echo-final-derived/ModuleCache.noindex/os_object-6ZND901QSUKAO1HXPLCWJONOJ.pcm

SwiftExplicitDependencyGeneratePcm arm64 /tmp/future-echo-final-derived/ModuleCache.noindex/os_object-11PPM3SHI2349K83UX6HUFO7K.pcm

SwiftExplicitDependencyGeneratePcm x86_64 /tmp/future-echo-final-derived/ModuleCache.noindex/os_workgroup-5W4KRA0A0YX56DKWTPM5QSUF0.pcm

SwiftExplicitDependencyGeneratePcm arm64 /tmp/future-echo-final-derived/ModuleCache.noindex/os_workgroup-EVQH5V17JELQBX6OK7XAUZ481.pcm

SwiftExplicitDependencyGeneratePcm x86_64 /tmp/future-echo-final-derived/ModuleCache.noindex/Dispatch-AEL7NRJL3M023IN39WEFSLJL5.pcm

SwiftExplicitDependencyGeneratePcm arm64 /tmp/future-echo-final-derived/ModuleCache.noindex/Dispatch-6SZKIPEAHVASRX6U89Y6GA1D5.pcm

SwiftExplicitDependencyGeneratePcm x86_64 /tmp/future-echo-final-derived/ModuleCache.noindex/XPC-9JRTPXN0540Z78CRF6N6G0B3H.pcm

SwiftExplicitDependencyGeneratePcm x86_64 /tmp/future-echo-final-derived/ModuleCache.noindex/CoreFoundation-DFOV9V82ZUP75UEOE3CFUZ3JR.pcm

SwiftExplicitDependencyGeneratePcm x86_64 /tmp/future-echo-final-derived/ModuleCache.noindex/dnssd-88OI1SYN6IKQD078FHFF53AF0.pcm

SwiftExplicitDependencyGeneratePcm arm64 /tmp/future-echo-final-derived/ModuleCache.noindex/Spatial-EP8D56JQ8QJUULL7O8LJWRXPE.pcm

SwiftExplicitDependencyGeneratePcm x86_64 /tmp/future-echo-final-derived/ModuleCache.noindex/os-5116YMXV5L5TA4RW480UDY52G.pcm

SwiftExplicitDependencyGeneratePcm arm64 /tmp/future-echo-final-derived/ModuleCache.noindex/CoreFoundation-7XXZ997NYVDTHPDAJT25LM5UO.pcm

SwiftExplicitDependencyGeneratePcm arm64 /tmp/future-echo-final-derived/ModuleCache.noindex/dnssd-E0ZI92NUJB1OVIEHLG39YOWLB.pcm

SwiftExplicitDependencyGeneratePcm arm64 /tmp/future-echo-final-derived/ModuleCache.noindex/XPC-BSXYG6LAU8LA5F4HTNZE9EHF.pcm

SwiftExplicitDependencyGeneratePcm x86_64 /tmp/future-echo-final-derived/ModuleCache.noindex/CoreGraphics-7WNSJ3NAIO9RN41QHQ8X1HIDS.pcm

SwiftExplicitDependencyGeneratePcm x86_64 /tmp/future-echo-final-derived/ModuleCache.noindex/CFNetwork-D9YJQ64YFLBPK9RF43NZ8EZ7W.pcm

SwiftExplicitDependencyGeneratePcm x86_64 /tmp/future-echo-final-derived/ModuleCache.noindex/Security-DU3E9QH4R3U0KB19OWG1LG93O.pcm

SwiftExplicitDependencyGeneratePcm x86_64 /tmp/future-echo-final-derived/ModuleCache.noindex/Spatial-EONCWV7KHG0EUFK7E4O57X4FP.pcm

SwiftExplicitDependencyGeneratePcm arm64 /tmp/future-echo-final-derived/ModuleCache.noindex/os-29T9A25HXUJKR1B8AAXK89J22.pcm

SwiftExplicitDependencyGeneratePcm x86_64 /tmp/future-echo-final-derived/ModuleCache.noindex/Foundation-ECDUS8SLA25WEIS8VLEOWNZNT.pcm

SwiftExplicitDependencyGeneratePcm arm64 /tmp/future-echo-final-derived/ModuleCache.noindex/CoreGraphics-3H0OUE032NGQ1YOP8AYXRQX7Z.pcm

SwiftExplicitDependencyGeneratePcm arm64 /tmp/future-echo-final-derived/ModuleCache.noindex/CFNetwork-EUT0Q41K0BW8U0Q5QB0OZAXRO.pcm

SwiftExplicitDependencyGeneratePcm arm64 /tmp/future-echo-final-derived/ModuleCache.noindex/Security-F4D3PORUNFLMM0DI16H5SGRWO.pcm

SwiftExplicitDependencyGeneratePcm x86_64 /tmp/future-echo-final-derived/ModuleCache.noindex/ImageIO-953EF54PNE1TXKJ42EIH5H1A7.pcm

SwiftExplicitDependencyGeneratePcm x86_64 /tmp/future-echo-final-derived/ModuleCache.noindex/CoreText-2M2ORYU894D0YR9QAXBBA47ZJ.pcm

SwiftExplicitDependencyGeneratePcm arm64 /tmp/future-echo-final-derived/ModuleCache.noindex/Foundation-97PRL3O59CK31EX12JIPL7MTW.pcm

SwiftExplicitDependencyGeneratePcm arm64 /tmp/future-echo-final-derived/ModuleCache.noindex/CoreText-AQRV43QECXXFU3F7TM6960PVG.pcm

SwiftExplicitDependencyGeneratePcm arm64 /tmp/future-echo-final-derived/ModuleCache.noindex/ImageIO-5I5JNA4LHBP47QH0J3AI719I7.pcm

SwiftExplicitDependencyGeneratePcm x86_64 /tmp/future-echo-final-derived/ModuleCache.noindex/LocalAuthentication-2DO87XBALNLJMAPQEQCYTC1G1.pcm

SwiftExplicitDependencyGeneratePcm x86_64 /tmp/future-echo-final-derived/ModuleCache.noindex/UserNotifications-EBX1WOJOZVRWO4US0EK6NY4AW.pcm

SwiftExplicitDependencyGeneratePcm x86_64 /tmp/future-echo-final-derived/ModuleCache.noindex/Symbols-6Q6XHHBI0QY2GN7R5YA3E3YQA.pcm

SwiftExplicitDependencyGeneratePcm x86_64 /tmp/future-echo-final-derived/ModuleCache.noindex/CoreData-E3MTNLPX1VWYEZ0SV2YAF0YGX.pcm

SwiftExplicitDependencyGeneratePcm x86_64 /tmp/future-echo-final-derived/ModuleCache.noindex/BackgroundAssets-4L36IC46DKFY2DXFS7E2P3XVF.pcm

SwiftExplicitDependencyGeneratePcm x86_64 /tmp/future-echo-final-derived/ModuleCache.noindex/FileProvider-EDJDRCQJ9Z10E8UTJV3IAKAS0.pcm

SwiftExplicitDependencyGeneratePcm x86_64 /tmp/future-echo-final-derived/ModuleCache.noindex/UIUtilities-88DZG6HHUE6YSBPRSOVR10NRX.pcm

SwiftExplicitDependencyGeneratePcm x86_64 /tmp/future-echo-final-derived/ModuleCache.noindex/DataDetection-30ZGWO6L2LA5TMM08F9G38VF6.pcm

SwiftExplicitDependencyGeneratePcm x86_64 /tmp/future-echo-final-derived/ModuleCache.noindex/OpenGLES-1ZVJKMZ51V64RDNW0QDLHFMXF.pcm

SwiftExplicitDependencyGeneratePcm x86_64 /tmp/future-echo-final-derived/ModuleCache.noindex/IOSurface-EOGYDK3WRFQ6L70YMANCT7TEM.pcm

SwiftExplicitDependencyGeneratePcm x86_64 /tmp/future-echo-final-derived/ModuleCache.noindex/CoreTransferable-95UCWZ1041FCQJEF9536PNKPE.pcm

SwiftExplicitDependencyGeneratePcm x86_64 /tmp/future-echo-final-derived/ModuleCache.noindex/OSLog-DB5FU9HMFC3N2TDM8M7T3CVPD.pcm

SwiftExplicitDependencyGeneratePcm x86_64 /tmp/future-echo-final-derived/ModuleCache.noindex/UniformTypeIdentifiers-97J4RB6LHNMAQV1LPZ1GSTSMD.pcm

SwiftExplicitDependencyGeneratePcm x86_64 /tmp/future-echo-final-derived/ModuleCache.noindex/Accessibility-AY84FB9X9B0KLU9XFS8TZ12WI.pcm

SwiftExplicitDependencyGeneratePcm x86_64 /tmp/future-echo-final-derived/ModuleCache.noindex/Network-1LZ7D1O375FYZCRKFN0NTHZNN.pcm

SwiftExplicitDependencyGeneratePcm arm64 /tmp/future-echo-final-derived/ModuleCache.noindex/OSLog-7HNMVSXTWH5E48V23043DHV6B.pcm

SwiftExplicitDependencyGeneratePcm arm64 /tmp/future-echo-final-derived/ModuleCache.noindex/UniformTypeIdentifiers-AYTH7NYRFE259WORMHDQ1LXMB.pcm

SwiftExplicitDependencyGeneratePcm arm64 /tmp/future-echo-final-derived/ModuleCache.noindex/FileProvider-8QQ266INULVLRA2DVGFL9YA0G.pcm

SwiftExplicitDependencyGeneratePcm arm64 /tmp/future-echo-final-derived/ModuleCache.noindex/UIUtilities-1JHHP2Y146C1JHK8ZD74SKYYO.pcm

SwiftExplicitDependencyGeneratePcm arm64 /tmp/future-echo-final-derived/ModuleCache.noindex/DataDetection-9C9R8GLO6LRDUQM638G3O6JV.pcm

SwiftExplicitDependencyGeneratePcm arm64 /tmp/future-echo-final-derived/ModuleCache.noindex/UserNotifications-DJVE5OEZ0GXCNL39RQ3VTGS3T.pcm

SwiftExplicitDependencyGeneratePcm arm64 /tmp/future-echo-final-derived/ModuleCache.noindex/OpenGLES-BZ0XIHQKYG4CZCYFK1BIHVL4C.pcm

SwiftExplicitDependencyGeneratePcm arm64 /tmp/future-echo-final-derived/ModuleCache.noindex/Symbols-4RYSRDW5L186OZZPZ7FFLBALP.pcm

SwiftExplicitDependencyGeneratePcm arm64 /tmp/future-echo-final-derived/ModuleCache.noindex/BackgroundAssets-4FMYCBTLLEMDD3AWWV4EFG3O5.pcm

SwiftExplicitDependencyGeneratePcm arm64 /tmp/future-echo-final-derived/ModuleCache.noindex/LocalAuthentication-C8HP4AAKRUZ9XUZSB50O8YGXI.pcm

SwiftExplicitDependencyGeneratePcm arm64 /tmp/future-echo-final-derived/ModuleCache.noindex/IOSurface-BEKPHJB759LTO3OKCYZ4FPHR8.pcm

SwiftExplicitDependencyGeneratePcm arm64 /tmp/future-echo-final-derived/ModuleCache.noindex/CoreData-6Q03F9U56PJWEO3RJUH9SPR1C.pcm

SwiftExplicitDependencyGeneratePcm arm64 /tmp/future-echo-final-derived/ModuleCache.noindex/CoreTransferable-7A36KD4J1TL0M8DVDO707WIDI.pcm

SwiftExplicitDependencyGeneratePcm x86_64 /tmp/future-echo-final-derived/ModuleCache.noindex/Metal-90ZRNWMMKI3616MAFVDTK1USR.pcm

SwiftExplicitDependencyGeneratePcm arm64 /tmp/future-echo-final-derived/ModuleCache.noindex/Network-BFKIYJM1HGLHYVH15A52U85R6.pcm

SwiftExplicitDependencyGeneratePcm arm64 /tmp/future-echo-final-derived/ModuleCache.noindex/Accessibility-A4HYVL609RELPPKKHEX5PFL04.pcm

SwiftExplicitDependencyGeneratePcm arm64 /tmp/future-echo-final-derived/ModuleCache.noindex/Metal-7RVES938YA7VL3EYLB4S4FJ4B.pcm

SwiftExplicitDependencyGeneratePcm x86_64 /tmp/future-echo-final-derived/ModuleCache.noindex/CoreVideo-2WMGVEZJN603OKJ2XLZBD0KL0.pcm

SwiftExplicitDependencyGeneratePcm arm64 /tmp/future-echo-final-derived/ModuleCache.noindex/CoreVideo-AD22WHI19PGSUEE0OEH549T9W.pcm

SwiftExplicitDependencyGeneratePcm x86_64 /tmp/future-echo-final-derived/ModuleCache.noindex/CoreImage-16WV6S9QZCOHN7MEXEZ31Q9GC.pcm

SwiftExplicitDependencyGeneratePcm x86_64 /tmp/future-echo-final-derived/ModuleCache.noindex/QuartzCore-82XNAMRE5QBT6F5E22MECG6KN.pcm

SwiftExplicitDependencyGeneratePcm arm64 /tmp/future-echo-final-derived/ModuleCache.noindex/QuartzCore-EWURDTFDIEH277MEKTMBBRUIO.pcm

SwiftExplicitDependencyGeneratePcm arm64 /tmp/future-echo-final-derived/ModuleCache.noindex/CoreImage-32XJUE9GRZMN0IMYUR0N1HQL7.pcm

SwiftExplicitDependencyGeneratePcm x86_64 /tmp/future-echo-final-derived/ModuleCache.noindex/SwiftUICore-CA5IBK149HOI1S26LFEORYOGX.pcm

SwiftExplicitDependencyGeneratePcm x86_64 /tmp/future-echo-final-derived/ModuleCache.noindex/UIKit-48STFLH69E08LKMAJINPWRM9D.pcm

SwiftExplicitDependencyGeneratePcm arm64 /tmp/future-echo-final-derived/ModuleCache.noindex/SwiftUICore-3WIADUQFYUA7TGOERZ3RD8OFK.pcm

SwiftExplicitDependencyGeneratePcm arm64 /tmp/future-echo-final-derived/ModuleCache.noindex/UIKit-E137JMAHY8KMS1LTOJNUYOZAI.pcm

SwiftExplicitDependencyGeneratePcm x86_64 /tmp/future-echo-final-derived/ModuleCache.noindex/StoreKit-BWH4PKHL4JD1JZRAITK53IXHY.pcm

SwiftExplicitDependencyGeneratePcm x86_64 /tmp/future-echo-final-derived/ModuleCache.noindex/SwiftUI-4EGULUCHKQHKNPKJDMHX5S37Z.pcm

SwiftExplicitDependencyGeneratePcm arm64 /tmp/future-echo-final-derived/ModuleCache.noindex/StoreKit-4OAVN6RDBVCRZ58XS9231AFJY.pcm

SwiftExplicitDependencyGeneratePcm arm64 /tmp/future-echo-final-derived/ModuleCache.noindex/SwiftUI-ESFH1BCF8YKP4TBV564QX9Z0R.pcm

SwiftCompile normal x86_64 Compiling\ OpportunityCost.swift,\ Persistence.swift /Users/wangrenzhu/work/future-echo-ios/Sources/FutureEchoCore/OpportunityCost.swift /Users/wangrenzhu/work/future-echo-ios/Sources/FutureEchoCore/Persistence.swift (in target 'FutureEcho' from project 'FutureEcho')

SwiftCompile normal x86_64 /Users/wangrenzhu/work/future-echo-ios/Sources/FutureEchoCore/OpportunityCost.swift (in target 'FutureEcho' from project 'FutureEcho')
    cd /Users/wangrenzhu/work/future-echo-ios


SwiftCompile normal x86_64 /Users/wangrenzhu/work/future-echo-ios/Sources/FutureEchoCore/Persistence.swift (in target 'FutureEcho' from project 'FutureEcho')
    cd /Users/wangrenzhu/work/future-echo-ios


SwiftEmitModule normal x86_64 Emitting\ module\ for\ Future_Echo (in target 'FutureEcho' from project 'FutureEcho')

EmitSwiftModule normal x86_64 (in target 'FutureEcho' from project 'FutureEcho')
    cd /Users/wangrenzhu/work/future-echo-ios


SwiftCompile normal x86_64 Compiling\ SettingsViews.swift,\ ShelfAndTrailViews.swift /Users/wangrenzhu/work/future-echo-ios/FutureEcho/SettingsViews.swift /Users/wangrenzhu/work/future-echo-ios/FutureEcho/ShelfAndTrailViews.swift (in target 'FutureEcho' from project 'FutureEcho')
SwiftCompile normal x86_64 /Users/wangrenzhu/work/future-echo-ios/FutureEcho/SettingsViews.swift (in target 'FutureEcho' from project 'FutureEcho')
    cd /Users/wangrenzhu/work/future-echo-ios


SwiftCompile normal x86_64 /Users/wangrenzhu/work/future-echo-ios/FutureEcho/ShelfAndTrailViews.swift (in target 'FutureEcho' from project 'FutureEcho')
    cd /Users/wangrenzhu/work/future-echo-ios


SwiftCompile normal x86_64 Compiling\ PremiumView.swift,\ PrivacyView.swift /Users/wangrenzhu/work/future-echo-ios/FutureEcho/PremiumView.swift /Users/wangrenzhu/work/future-echo-ios/FutureEcho/PrivacyView.swift (in target 'FutureEcho' from project 'FutureEcho')

SwiftCompile normal x86_64 /Users/wangrenzhu/work/future-echo-ios/FutureEcho/PremiumView.swift (in target 'FutureEcho' from project 'FutureEcho')
    cd /Users/wangrenzhu/work/future-echo-ios


SwiftCompile normal x86_64 /Users/wangrenzhu/work/future-echo-ios/FutureEcho/PrivacyView.swift (in target 'FutureEcho' from project 'FutureEcho')
    cd /Users/wangrenzhu/work/future-echo-ios


SwiftCompile normal x86_64 Compiling\ NewEchoFlowViews.swift,\ NotificationService.swift /Users/wangrenzhu/work/future-echo-ios/FutureEcho/NewEchoFlowViews.swift /Users/wangrenzhu/work/future-echo-ios/FutureEcho/NotificationService.swift (in target 'FutureEcho' from project 'FutureEcho')

SwiftCompile normal x86_64 /Users/wangrenzhu/work/future-echo-ios/FutureEcho/NewEchoFlowViews.swift (in target 'FutureEcho' from project 'FutureEcho')
    cd /Users/wangrenzhu/work/future-echo-ios


SwiftCompile normal x86_64 /Users/wangrenzhu/work/future-echo-ios/FutureEcho/NotificationService.swift (in target 'FutureEcho' from project 'FutureEcho')
    cd /Users/wangrenzhu/work/future-echo-ios


SwiftCompile normal x86_64 Compiling\ PauseDecisionViews.swift,\ PremiumStore.swift /Users/wangrenzhu/work/future-echo-ios/FutureEcho/PauseDecisionViews.swift /Users/wangrenzhu/work/future-echo-ios/FutureEcho/PremiumStore.swift (in target 'FutureEcho' from project 'FutureEcho')
SwiftCompile normal x86_64 /Users/wangrenzhu/work/future-echo-ios/FutureEcho/PauseDecisionViews.swift (in target 'FutureEcho' from project 'FutureEcho')
    cd /Users/wangrenzhu/work/future-echo-ios


SwiftCompile normal x86_64 /Users/wangrenzhu/work/future-echo-ios/FutureEcho/PremiumStore.swift (in target 'FutureEcho' from project 'FutureEcho')
    cd /Users/wangrenzhu/work/future-echo-ios


SwiftCompile normal x86_64 Compiling\ FreeTierPolicy.swift,\ Models.swift /Users/wangrenzhu/work/future-echo-ios/Sources/FutureEchoCore/FreeTierPolicy.swift /Users/wangrenzhu/work/future-echo-ios/Sources/FutureEchoCore/Models.swift (in target 'FutureEcho' from project 'FutureEcho')

SwiftCompile normal x86_64 /Users/wangrenzhu/work/future-echo-ios/Sources/FutureEchoCore/FreeTierPolicy.swift (in target 'FutureEcho' from project 'FutureEcho')
    cd /Users/wangrenzhu/work/future-echo-ios


SwiftCompile normal x86_64 /Users/wangrenzhu/work/future-echo-ios/Sources/FutureEchoCore/Models.swift (in target 'FutureEcho' from project 'FutureEcho')
    cd /Users/wangrenzhu/work/future-echo-ios


SwiftCompile normal x86_64 Compiling\ DesignSystem.swift,\ EchoStore.swift,\ EchoTrailViews.swift /Users/wangrenzhu/work/future-echo-ios/FutureEcho/DesignSystem.swift /Users/wangrenzhu/work/future-echo-ios/FutureEcho/EchoStore.swift /Users/wangrenzhu/work/future-echo-ios/FutureEcho/EchoTrailViews.swift (in target 'FutureEcho' from project 'FutureEcho')

SwiftCompile normal x86_64 /Users/wangrenzhu/work/future-echo-ios/FutureEcho/DesignSystem.swift (in target 'FutureEcho' from project 'FutureEcho')
    cd /Users/wangrenzhu/work/future-echo-ios


SwiftCompile normal x86_64 /Users/wangrenzhu/work/future-echo-ios/FutureEcho/EchoStore.swift (in target 'FutureEcho' from project 'FutureEcho')
    cd /Users/wangrenzhu/work/future-echo-ios


SwiftCompile normal x86_64 /Users/wangrenzhu/work/future-echo-ios/FutureEcho/EchoTrailViews.swift (in target 'FutureEcho' from project 'FutureEcho')
    cd /Users/wangrenzhu/work/future-echo-ios


SwiftCompile normal x86_64 Compiling\ PromiseEditorViews.swift,\ PromiseViews.swift /Users/wangrenzhu/work/future-echo-ios/FutureEcho/PromiseEditorViews.swift /Users/wangrenzhu/work/future-echo-ios/FutureEcho/PromiseViews.swift (in target 'FutureEcho' from project 'FutureEcho')

SwiftCompile normal x86_64 /Users/wangrenzhu/work/future-echo-ios/FutureEcho/PromiseEditorViews.swift (in target 'FutureEcho' from project 'FutureEcho')
    cd /Users/wangrenzhu/work/future-echo-ios


SwiftCompile normal x86_64 /Users/wangrenzhu/work/future-echo-ios/FutureEcho/PromiseViews.swift (in target 'FutureEcho' from project 'FutureEcho')
    cd /Users/wangrenzhu/work/future-echo-ios


SwiftEmitModule normal arm64 Emitting\ module\ for\ Future_Echo (in target 'FutureEcho' from project 'FutureEcho')

EmitSwiftModule normal arm64 (in target 'FutureEcho' from project 'FutureEcho')
    cd /Users/wangrenzhu/work/future-echo-ios


SwiftDriverJobDiscovery normal x86_64 Emitting module for Future_Echo (in target 'FutureEcho' from project 'FutureEcho')

SwiftDriver\ Compilation\ Requirements FutureEcho normal x86_64 com.apple.xcode.tools.swift.compiler (in target 'FutureEcho' from project 'FutureEcho')
    cd /Users/wangrenzhu/work/future-echo-ios
    builtin-Swift-Compilation-Requirements -- /Applications/Xcode.app/Contents/Developer/Toolchains/XcodeDefault.xctoolchain/usr/bin/swiftc -module-name Future_Echo -Onone @/tmp/future-echo-final-derived/Build/Intermediates.noindex/FutureEcho.build/Debug-iphonesimulator/FutureEcho.build/Objects-normal/x86_64/Future\ Echo.SwiftFileList -DDEBUG -enable-bare-slash-regex -enable-experimental-feature DebugDescriptionMacro -sdk /Applications/Xcode.app/Contents/Developer/Platforms/iPhoneSimulator.platform/Developer/SDKs/iPhoneSimulator26.5.sdk -target x86_64-apple-ios14.0-simulator -g -module-cache-path /tmp/future-echo-final-derived/ModuleCache.noindex -Xfrontend -serialize-debugging-options -enable-testing -index-store-path /tmp/future-echo-final-derived/Index.noindex/DataStore -Xcc -D_LIBCPP_HARDENING_MODE\=_LIBCPP_HARDENING_MODE_DEBUG -swift-version 5 -I /tmp/future-echo-final-derived/Build/Products/Debug-iphonesimulator -F /tmp/future-echo-final-derived/Build/Products/Debug-iphonesimulator -c -j10 -enable-batch-mode -incremental -Xcc -ivfsstatcache -Xcc /tmp/future-echo-final-derived/SDKStatCaches.noindex/iphonesimulator26.5-23F81a-6cfe768891a92b912361537c460fe42b.sdkstatcache -output-file-map /tmp/future-echo-final-derived/Build/Intermediates.noindex/FutureEcho.build/Debug-iphonesimulator/FutureEcho.build/Objects-normal/x86_64/FutureEcho-OutputFileMap.json -use-frontend-parseable-output -save-temps -no-color-diagnostics -explicit-module-build -module-cache-path /tmp/future-echo-final-derived/Build/Intermediates.noindex/SwiftExplicitPrecompiledModules -clang-scanner-module-cache-path /tmp/future-echo-final-derived/ModuleCache.noindex -sdk-module-cache-path /tmp/future-echo-final-derived/ModuleCache.noindex -serialize-diagnostics -emit-dependencies -emit-module -emit-module-path /tmp/future-echo-final-derived/Build/Intermediates.noindex/FutureEcho.build/Debug-iphonesimulator/FutureEcho.build/Objects-normal/x86_64/Future_Echo.swiftmodule -validate-clang-modules-once -clang-build-session-file /tmp/future-echo-final-derived/ModuleCache.noindex/Session.modulevalidation -Xcc -I/tmp/future-echo-final-derived/Build/Intermediates.noindex/FutureEcho.build/Debug-iphonesimulator/FutureEcho.build/swift-overrides.hmap -emit-const-values -Xfrontend -const-gather-protocols-file -Xfrontend /tmp/future-echo-final-derived/Build/Intermediates.noindex/FutureEcho.build/Debug-iphonesimulator/FutureEcho.build/Objects-normal/x86_64/FutureEcho_const_extract_protocols.json -Xcc -iquote -Xcc /tmp/future-echo-final-derived/Build/Intermediates.noindex/FutureEcho.build/Debug-iphonesimulator/FutureEcho.build/Future\ Echo-generated-files.hmap -Xcc -I/tmp/future-echo-final-derived/Build/Intermediates.noindex/FutureEcho.build/Debug-iphonesimulator/FutureEcho.build/Future\ Echo-own-target-headers.hmap -Xcc -I/tmp/future-echo-final-derived/Build/Intermediates.noindex/FutureEcho.build/Debug-iphonesimulator/FutureEcho.build/Future\ Echo-all-target-headers.hmap -Xcc -iquote -Xcc /tmp/future-echo-final-derived/Build/Intermediates.noindex/FutureEcho.build/Debug-iphonesimulator/FutureEcho.build/Future\ Echo-project-headers.hmap -Xcc -I/tmp/future-echo-final-derived/Build/Products/Debug-iphonesimulator/include -Xcc -I/tmp/future-echo-final-derived/Build/Intermediates.noindex/FutureEcho.build/Debug-iphonesimulator/FutureEcho.build/DerivedSources-normal/x86_64 -Xcc -I/tmp/future-echo-final-derived/Build/Intermediates.noindex/FutureEcho.build/Debug-iphonesimulator/FutureEcho.build/DerivedSources/x86_64 -Xcc -I/tmp/future-echo-final-derived/Build/Intermediates.noindex/FutureEcho.build/Debug-iphonesimulator/FutureEcho.build/DerivedSources -Xcc -DDEBUG\=1 -emit-objc-header -emit-objc-header-path /tmp/future-echo-final-derived/Build/Intermediates.noindex/FutureEcho.build/Debug-iphonesimulator/FutureEcho.build/Objects-normal/x86_64/Future_Echo-Swift.h -working-directory /Users/wangrenzhu/work/future-echo-ios -experimental-emit-module-separately -disable-cmo

SwiftDriverJobDiscovery normal arm64 Emitting module for Future_Echo (in target 'FutureEcho' from project 'FutureEcho')

SwiftCompile normal arm64 Compiling\ SettingsViews.swift,\ ShelfAndTrailViews.swift /Users/wangrenzhu/work/future-echo-ios/FutureEcho/SettingsViews.swift /Users/wangrenzhu/work/future-echo-ios/FutureEcho/ShelfAndTrailViews.swift (in target 'FutureEcho' from project 'FutureEcho')
SwiftCompile normal arm64 /Users/wangrenzhu/work/future-echo-ios/FutureEcho/SettingsViews.swift (in target 'FutureEcho' from project 'FutureEcho')
    cd /Users/wangrenzhu/work/future-echo-ios


SwiftCompile normal arm64 /Users/wangrenzhu/work/future-echo-ios/FutureEcho/ShelfAndTrailViews.swift (in target 'FutureEcho' from project 'FutureEcho')
    cd /Users/wangrenzhu/work/future-echo-ios


SwiftDriver\ Compilation\ Requirements FutureEcho normal arm64 com.apple.xcode.tools.swift.compiler (in target 'FutureEcho' from project 'FutureEcho')
    cd /Users/wangrenzhu/work/future-echo-ios
    builtin-Swift-Compilation-Requirements -- /Applications/Xcode.app/Contents/Developer/Toolchains/XcodeDefault.xctoolchain/usr/bin/swiftc -module-name Future_Echo -Onone @/tmp/future-echo-final-derived/Build/Intermediates.noindex/FutureEcho.build/Debug-iphonesimulator/FutureEcho.build/Objects-normal/arm64/Future\ Echo.SwiftFileList -DDEBUG -enable-bare-slash-regex -enable-experimental-feature DebugDescriptionMacro -sdk /Applications/Xcode.app/Contents/Developer/Platforms/iPhoneSimulator.platform/Developer/SDKs/iPhoneSimulator26.5.sdk -target arm64-apple-ios14.0-simulator -g -module-cache-path /tmp/future-echo-final-derived/ModuleCache.noindex -Xfrontend -serialize-debugging-options -enable-testing -index-store-path /tmp/future-echo-final-derived/Index.noindex/DataStore -Xcc -D_LIBCPP_HARDENING_MODE\=_LIBCPP_HARDENING_MODE_DEBUG -swift-version 5 -I /tmp/future-echo-final-derived/Build/Products/Debug-iphonesimulator -F /tmp/future-echo-final-derived/Build/Products/Debug-iphonesimulator -c -j10 -enable-batch-mode -incremental -Xcc -ivfsstatcache -Xcc /tmp/future-echo-final-derived/SDKStatCaches.noindex/iphonesimulator26.5-23F81a-6cfe768891a92b912361537c460fe42b.sdkstatcache -output-file-map /tmp/future-echo-final-derived/Build/Intermediates.noindex/FutureEcho.build/Debug-iphonesimulator/FutureEcho.build/Objects-normal/arm64/FutureEcho-OutputFileMap.json -use-frontend-parseable-output -save-temps -no-color-diagnostics -explicit-module-build -module-cache-path /tmp/future-echo-final-derived/Build/Intermediates.noindex/SwiftExplicitPrecompiledModules -clang-scanner-module-cache-path /tmp/future-echo-final-derived/ModuleCache.noindex -sdk-module-cache-path /tmp/future-echo-final-derived/ModuleCache.noindex -serialize-diagnostics -emit-dependencies -emit-module -emit-module-path /tmp/future-echo-final-derived/Build/Intermediates.noindex/FutureEcho.build/Debug-iphonesimulator/FutureEcho.build/Objects-normal/arm64/Future_Echo.swiftmodule -validate-clang-modules-once -clang-build-session-file /tmp/future-echo-final-derived/ModuleCache.noindex/Session.modulevalidation -Xcc -I/tmp/future-echo-final-derived/Build/Intermediates.noindex/FutureEcho.build/Debug-iphonesimulator/FutureEcho.build/swift-overrides.hmap -emit-const-values -Xfrontend -const-gather-protocols-file -Xfrontend /tmp/future-echo-final-derived/Build/Intermediates.noindex/FutureEcho.build/Debug-iphonesimulator/FutureEcho.build/Objects-normal/arm64/FutureEcho_const_extract_protocols.json -Xcc -iquote -Xcc /tmp/future-echo-final-derived/Build/Intermediates.noindex/FutureEcho.build/Debug-iphonesimulator/FutureEcho.build/Future\ Echo-generated-files.hmap -Xcc -I/tmp/future-echo-final-derived/Build/Intermediates.noindex/FutureEcho.build/Debug-iphonesimulator/FutureEcho.build/Future\ Echo-own-target-headers.hmap -Xcc -I/tmp/future-echo-final-derived/Build/Intermediates.noindex/FutureEcho.build/Debug-iphonesimulator/FutureEcho.build/Future\ Echo-all-target-headers.hmap -Xcc -iquote -Xcc /tmp/future-echo-final-derived/Build/Intermediates.noindex/FutureEcho.build/Debug-iphonesimulator/FutureEcho.build/Future\ Echo-project-headers.hmap -Xcc -I/tmp/future-echo-final-derived/Build/Products/Debug-iphonesimulator/include -Xcc -I/tmp/future-echo-final-derived/Build/Intermediates.noindex/FutureEcho.build/Debug-iphonesimulator/FutureEcho.build/DerivedSources-normal/arm64 -Xcc -I/tmp/future-echo-final-derived/Build/Intermediates.noindex/FutureEcho.build/Debug-iphonesimulator/FutureEcho.build/DerivedSources/arm64 -Xcc -I/tmp/future-echo-final-derived/Build/Intermediates.noindex/FutureEcho.build/Debug-iphonesimulator/FutureEcho.build/DerivedSources -Xcc -DDEBUG\=1 -emit-objc-header -emit-objc-header-path /tmp/future-echo-final-derived/Build/Intermediates.noindex/FutureEcho.build/Debug-iphonesimulator/FutureEcho.build/Objects-normal/arm64/Future_Echo-Swift.h -working-directory /Users/wangrenzhu/work/future-echo-ios -experimental-emit-module-separately -disable-cmo

SwiftDriverJobDiscovery normal x86_64 Compiling FreeTierPolicy.swift, Models.swift (in target 'FutureEcho' from project 'FutureEcho')

Copy /tmp/future-echo-final-derived/Build/Products/Debug-iphonesimulator/Future_Echo.swiftmodule/x86_64-apple-ios-simulator.swiftmodule /tmp/future-echo-final-derived/Build/Intermediates.noindex/FutureEcho.build/Debug-iphonesimulator/FutureEcho.build/Objects-normal/x86_64/Future_Echo.swiftmodule (in target 'FutureEcho' from project 'FutureEcho')
    cd /Users/wangrenzhu/work/future-echo-ios
    builtin-copy -exclude .DS_Store -exclude CVS -exclude .svn -exclude .git -exclude .hg -resolve-src-symlinks -rename /tmp/future-echo-final-derived/Build/Intermediates.noindex/FutureEcho.build/Debug-iphonesimulator/FutureEcho.build/Objects-normal/x86_64/Future_Echo.swiftmodule /tmp/future-echo-final-derived/Build/Products/Debug-iphonesimulator/Future_Echo.swiftmodule/x86_64-apple-ios-simulator.swiftmodule

Copy /tmp/future-echo-final-derived/Build/Products/Debug-iphonesimulator/Future_Echo.swiftmodule/x86_64-apple-ios-simulator.swiftdoc /tmp/future-echo-final-derived/Build/Intermediates.noindex/FutureEcho.build/Debug-iphonesimulator/FutureEcho.build/Objects-normal/x86_64/Future_Echo.swiftdoc (in target 'FutureEcho' from project 'FutureEcho')
    cd /Users/wangrenzhu/work/future-echo-ios
    builtin-copy -exclude .DS_Store -exclude CVS -exclude .svn -exclude .git -exclude .hg -resolve-src-symlinks -rename /tmp/future-echo-final-derived/Build/Intermediates.noindex/FutureEcho.build/Debug-iphonesimulator/FutureEcho.build/Objects-normal/x86_64/Future_Echo.swiftdoc /tmp/future-echo-final-derived/Build/Products/Debug-iphonesimulator/Future_Echo.swiftmodule/x86_64-apple-ios-simulator.swiftdoc

Copy /tmp/future-echo-final-derived/Build/Products/Debug-iphonesimulator/Future_Echo.swiftmodule/x86_64-apple-ios-simulator.abi.json /tmp/future-echo-final-derived/Build/Intermediates.noindex/FutureEcho.build/Debug-iphonesimulator/FutureEcho.build/Objects-normal/x86_64/Future_Echo.abi.json (in target 'FutureEcho' from project 'FutureEcho')
    cd /Users/wangrenzhu/work/future-echo-ios
    builtin-copy -exclude .DS_Store -exclude CVS -exclude .svn -exclude .git -exclude .hg -resolve-src-symlinks -rename /tmp/future-echo-final-derived/Build/Intermediates.noindex/FutureEcho.build/Debug-iphonesimulator/FutureEcho.build/Objects-normal/x86_64/Future_Echo.abi.json /tmp/future-echo-final-derived/Build/Products/Debug-iphonesimulator/Future_Echo.swiftmodule/x86_64-apple-ios-simulator.abi.json

Copy /tmp/future-echo-final-derived/Build/Products/Debug-iphonesimulator/Future_Echo.swiftmodule/Project/x86_64-apple-ios-simulator.swiftsourceinfo /tmp/future-echo-final-derived/Build/Intermediates.noindex/FutureEcho.build/Debug-iphonesimulator/FutureEcho.build/Objects-normal/x86_64/Future_Echo.swiftsourceinfo (in target 'FutureEcho' from project 'FutureEcho')
    cd /Users/wangrenzhu/work/future-echo-ios
    builtin-copy -exclude .DS_Store -exclude CVS -exclude .svn -exclude .git -exclude .hg -resolve-src-symlinks -rename /tmp/future-echo-final-derived/Build/Intermediates.noindex/FutureEcho.build/Debug-iphonesimulator/FutureEcho.build/Objects-normal/x86_64/Future_Echo.swiftsourceinfo /tmp/future-echo-final-derived/Build/Products/Debug-iphonesimulator/Future_Echo.swiftmodule/Project/x86_64-apple-ios-simulator.swiftsourceinfo

SwiftMergeGeneratedHeaders /tmp/future-echo-final-derived/Build/Intermediates.noindex/FutureEcho.build/Debug-iphonesimulator/FutureEcho.build/DerivedSources/Future_Echo-Swift.h /tmp/future-echo-final-derived/Build/Intermediates.noindex/FutureEcho.build/Debug-iphonesimulator/FutureEcho.build/Objects-normal/arm64/Future_Echo-Swift.h /tmp/future-echo-final-derived/Build/Intermediates.noindex/FutureEcho.build/Debug-iphonesimulator/FutureEcho.build/Objects-normal/x86_64/Future_Echo-Swift.h (in target 'FutureEcho' from project 'FutureEcho')
    cd /Users/wangrenzhu/work/future-echo-ios
    builtin-swiftHeaderTool -arch arm64 /tmp/future-echo-final-derived/Build/Intermediates.noindex/FutureEcho.build/Debug-iphonesimulator/FutureEcho.build/Objects-normal/arm64/Future_Echo-Swift.h -arch x86_64 /tmp/future-echo-final-derived/Build/Intermediates.noindex/FutureEcho.build/Debug-iphonesimulator/FutureEcho.build/Objects-normal/x86_64/Future_Echo-Swift.h -o /tmp/future-echo-final-derived/Build/Intermediates.noindex/FutureEcho.build/Debug-iphonesimulator/FutureEcho.build/DerivedSources/Future_Echo-Swift.h

Copy /tmp/future-echo-final-derived/Build/Products/Debug-iphonesimulator/Future_Echo.swiftmodule/arm64-apple-ios-simulator.swiftmodule /tmp/future-echo-final-derived/Build/Intermediates.noindex/FutureEcho.build/Debug-iphonesimulator/FutureEcho.build/Objects-normal/arm64/Future_Echo.swiftmodule (in target 'FutureEcho' from project 'FutureEcho')
    cd /Users/wangrenzhu/work/future-echo-ios
    builtin-copy -exclude .DS_Store -exclude CVS -exclude .svn -exclude .git -exclude .hg -resolve-src-symlinks -rename /tmp/future-echo-final-derived/Build/Intermediates.noindex/FutureEcho.build/Debug-iphonesimulator/FutureEcho.build/Objects-normal/arm64/Future_Echo.swiftmodule /tmp/future-echo-final-derived/Build/Products/Debug-iphonesimulator/Future_Echo.swiftmodule/arm64-apple-ios-simulator.swiftmodule

Copy /tmp/future-echo-final-derived/Build/Products/Debug-iphonesimulator/Future_Echo.swiftmodule/arm64-apple-ios-simulator.swiftdoc /tmp/future-echo-final-derived/Build/Intermediates.noindex/FutureEcho.build/Debug-iphonesimulator/FutureEcho.build/Objects-normal/arm64/Future_Echo.swiftdoc (in target 'FutureEcho' from project 'FutureEcho')
    cd /Users/wangrenzhu/work/future-echo-ios
    builtin-copy -exclude .DS_Store -exclude CVS -exclude .svn -exclude .git -exclude .hg -resolve-src-symlinks -rename /tmp/future-echo-final-derived/Build/Intermediates.noindex/FutureEcho.build/Debug-iphonesimulator/FutureEcho.build/Objects-normal/arm64/Future_Echo.swiftdoc /tmp/future-echo-final-derived/Build/Products/Debug-iphonesimulator/Future_Echo.swiftmodule/arm64-apple-ios-simulator.swiftdoc

Copy /tmp/future-echo-final-derived/Build/Products/Debug-iphonesimulator/Future_Echo.swiftmodule/arm64-apple-ios-simulator.abi.json /tmp/future-echo-final-derived/Build/Intermediates.noindex/FutureEcho.build/Debug-iphonesimulator/FutureEcho.build/Objects-normal/arm64/Future_Echo.abi.json (in target 'FutureEcho' from project 'FutureEcho')
    cd /Users/wangrenzhu/work/future-echo-ios
    builtin-copy -exclude .DS_Store -exclude CVS -exclude .svn -exclude .git -exclude .hg -resolve-src-symlinks -rename /tmp/future-echo-final-derived/Build/Intermediates.noindex/FutureEcho.build/Debug-iphonesimulator/FutureEcho.build/Objects-normal/arm64/Future_Echo.abi.json /tmp/future-echo-final-derived/Build/Products/Debug-iphonesimulator/Future_Echo.swiftmodule/arm64-apple-ios-simulator.abi.json

Copy /tmp/future-echo-final-derived/Build/Products/Debug-iphonesimulator/Future_Echo.swiftmodule/Project/arm64-apple-ios-simulator.swiftsourceinfo /tmp/future-echo-final-derived/Build/Intermediates.noindex/FutureEcho.build/Debug-iphonesimulator/FutureEcho.build/Objects-normal/arm64/Future_Echo.swiftsourceinfo (in target 'FutureEcho' from project 'FutureEcho')
    cd /Users/wangrenzhu/work/future-echo-ios
    builtin-copy -exclude .DS_Store -exclude CVS -exclude .svn -exclude .git -exclude .hg -resolve-src-symlinks -rename /tmp/future-echo-final-derived/Build/Intermediates.noindex/FutureEcho.build/Debug-iphonesimulator/FutureEcho.build/Objects-normal/arm64/Future_Echo.swiftsourceinfo /tmp/future-echo-final-derived/Build/Products/Debug-iphonesimulator/Future_Echo.swiftmodule/Project/arm64-apple-ios-simulator.swiftsourceinfo

SwiftCompile normal arm64 Compiling\ SwiftDataPersistence.swift,\ GeneratedAssetSymbols.swift /Users/wangrenzhu/work/future-echo-ios/Sources/FutureEchoCore/SwiftDataPersistence.swift /tmp/future-echo-final-derived/Build/Intermediates.noindex/FutureEcho.build/Debug-iphonesimulator/FutureEcho.build/DerivedSources/GeneratedAssetSymbols.swift (in target 'FutureEcho' from project 'FutureEcho')
SwiftCompile normal arm64 /Users/wangrenzhu/work/future-echo-ios/Sources/FutureEchoCore/SwiftDataPersistence.swift (in target 'FutureEcho' from project 'FutureEcho')
    cd /Users/wangrenzhu/work/future-echo-ios


SwiftCompile normal arm64 /tmp/future-echo-final-derived/Build/Intermediates.noindex/FutureEcho.build/Debug-iphonesimulator/FutureEcho.build/DerivedSources/GeneratedAssetSymbols.swift (in target 'FutureEcho' from project 'FutureEcho')
    cd /Users/wangrenzhu/work/future-echo-ios


SwiftCompile normal arm64 Compiling\ PromiseEditorViews.swift,\ PromiseViews.swift /Users/wangrenzhu/work/future-echo-ios/FutureEcho/PromiseEditorViews.swift /Users/wangrenzhu/work/future-echo-ios/FutureEcho/PromiseViews.swift (in target 'FutureEcho' from project 'FutureEcho')

SwiftCompile normal arm64 /Users/wangrenzhu/work/future-echo-ios/FutureEcho/PromiseEditorViews.swift (in target 'FutureEcho' from project 'FutureEcho')
    cd /Users/wangrenzhu/work/future-echo-ios


SwiftCompile normal arm64 /Users/wangrenzhu/work/future-echo-ios/FutureEcho/PromiseViews.swift (in target 'FutureEcho' from project 'FutureEcho')
    cd /Users/wangrenzhu/work/future-echo-ios


SwiftDriverJobDiscovery normal x86_64 Compiling OpportunityCost.swift, Persistence.swift (in target 'FutureEcho' from project 'FutureEcho')

SwiftCompile normal arm64 Compiling\ NewEchoFlowViews.swift,\ NotificationService.swift /Users/wangrenzhu/work/future-echo-ios/FutureEcho/NewEchoFlowViews.swift /Users/wangrenzhu/work/future-echo-ios/FutureEcho/NotificationService.swift (in target 'FutureEcho' from project 'FutureEcho')

SwiftCompile normal arm64 /Users/wangrenzhu/work/future-echo-ios/FutureEcho/NewEchoFlowViews.swift (in target 'FutureEcho' from project 'FutureEcho')
    cd /Users/wangrenzhu/work/future-echo-ios


SwiftCompile normal arm64 /Users/wangrenzhu/work/future-echo-ios/FutureEcho/NotificationService.swift (in target 'FutureEcho' from project 'FutureEcho')
    cd /Users/wangrenzhu/work/future-echo-ios


LinkAssetCatalog /Users/wangrenzhu/work/future-echo-ios/FutureEcho/Assets.xcassets (in target 'FutureEcho' from project 'FutureEcho')
    cd /Users/wangrenzhu/work/future-echo-ios
    builtin-linkAssetCatalog --thinned /tmp/future-echo-final-derived/Build/Intermediates.noindex/FutureEcho.build/Debug-iphonesimulator/FutureEcho.build/assetcatalog_output/thinned --thinned-dependencies /tmp/future-echo-final-derived/Build/Intermediates.noindex/FutureEcho.build/Debug-iphonesimulator/FutureEcho.build/assetcatalog_dependencies_thinned --thinned-info-plist-content /tmp/future-echo-final-derived/Build/Intermediates.noindex/FutureEcho.build/Debug-iphonesimulator/FutureEcho.build/assetcatalog_generated_info.plist_thinned --unthinned /tmp/future-echo-final-derived/Build/Intermediates.noindex/FutureEcho.build/Debug-iphonesimulator/FutureEcho.build/assetcatalog_output/unthinned --unthinned-dependencies /tmp/future-echo-final-derived/Build/Intermediates.noindex/FutureEcho.build/Debug-iphonesimulator/FutureEcho.build/assetcatalog_dependencies_unthinned --unthinned-info-plist-content /tmp/future-echo-final-derived/Build/Intermediates.noindex/FutureEcho.build/Debug-iphonesimulator/FutureEcho.build/assetcatalog_generated_info.plist_unthinned --output /tmp/future-echo-final-derived/Build/Products/Debug-iphonesimulator/Future\ Echo.app --plist-output /tmp/future-echo-final-derived/Build/Intermediates.noindex/FutureEcho.build/Debug-iphonesimulator/FutureEcho.build/assetcatalog_generated_info.plist
note: Emplaced /tmp/future-echo-final-derived/Build/Products/Debug-iphonesimulator/Future Echo.app/AppIcon60x60@2x.png (in target 'FutureEcho' from project 'FutureEcho')
note: Emplaced /tmp/future-echo-final-derived/Build/Products/Debug-iphonesimulator/Future Echo.app/Assets.car (in target 'FutureEcho' from project 'FutureEcho')
note: Emplaced /tmp/future-echo-final-derived/Build/Products/Debug-iphonesimulator/Future Echo.app/AppIcon76x76@2x~ipad.png (in target 'FutureEcho' from project 'FutureEcho')

SwiftDriverJobDiscovery normal x86_64 Compiling PromiseEditorViews.swift, PromiseViews.swift (in target 'FutureEcho' from project 'FutureEcho')

SwiftCompile normal arm64 Compiling\ DesignSystem.swift,\ EchoStore.swift,\ EchoTrailViews.swift /Users/wangrenzhu/work/future-echo-ios/FutureEcho/DesignSystem.swift /Users/wangrenzhu/work/future-echo-ios/FutureEcho/EchoStore.swift /Users/wangrenzhu/work/future-echo-ios/FutureEcho/EchoTrailViews.swift (in target 'FutureEcho' from project 'FutureEcho')

SwiftCompile normal arm64 /Users/wangrenzhu/work/future-echo-ios/FutureEcho/DesignSystem.swift (in target 'FutureEcho' from project 'FutureEcho')
    cd /Users/wangrenzhu/work/future-echo-ios


SwiftCompile normal arm64 /Users/wangrenzhu/work/future-echo-ios/FutureEcho/EchoStore.swift (in target 'FutureEcho' from project 'FutureEcho')
    cd /Users/wangrenzhu/work/future-echo-ios


SwiftCompile normal arm64 /Users/wangrenzhu/work/future-echo-ios/FutureEcho/EchoTrailViews.swift (in target 'FutureEcho' from project 'FutureEcho')
    cd /Users/wangrenzhu/work/future-echo-ios


SwiftCompile normal arm64 Compiling\ FutureEchoApp.swift,\ FutureEchoRootView.swift /Users/wangrenzhu/work/future-echo-ios/FutureEcho/FutureEchoApp.swift /Users/wangrenzhu/work/future-echo-ios/FutureEcho/FutureEchoRootView.swift (in target 'FutureEcho' from project 'FutureEcho')

SwiftCompile normal arm64 /Users/wangrenzhu/work/future-echo-ios/FutureEcho/FutureEchoApp.swift (in target 'FutureEcho' from project 'FutureEcho')
    cd /Users/wangrenzhu/work/future-echo-ios


SwiftCompile normal arm64 /Users/wangrenzhu/work/future-echo-ios/FutureEcho/FutureEchoRootView.swift (in target 'FutureEcho' from project 'FutureEcho')
    cd /Users/wangrenzhu/work/future-echo-ios


SwiftDriverJobDiscovery normal x86_64 Compiling NewEchoFlowViews.swift, NotificationService.swift (in target 'FutureEcho' from project 'FutureEcho')

SwiftCompile normal arm64 Compiling\ OpportunityCost.swift,\ Persistence.swift /Users/wangrenzhu/work/future-echo-ios/Sources/FutureEchoCore/OpportunityCost.swift /Users/wangrenzhu/work/future-echo-ios/Sources/FutureEchoCore/Persistence.swift (in target 'FutureEcho' from project 'FutureEcho')

SwiftCompile normal arm64 /Users/wangrenzhu/work/future-echo-ios/Sources/FutureEchoCore/OpportunityCost.swift (in target 'FutureEcho' from project 'FutureEcho')
    cd /Users/wangrenzhu/work/future-echo-ios


SwiftCompile normal arm64 /Users/wangrenzhu/work/future-echo-ios/Sources/FutureEchoCore/Persistence.swift (in target 'FutureEcho' from project 'FutureEcho')
    cd /Users/wangrenzhu/work/future-echo-ios


SwiftCompile normal arm64 Compiling\ FreeTierPolicy.swift,\ Models.swift /Users/wangrenzhu/work/future-echo-ios/Sources/FutureEchoCore/FreeTierPolicy.swift /Users/wangrenzhu/work/future-echo-ios/Sources/FutureEchoCore/Models.swift (in target 'FutureEcho' from project 'FutureEcho')

SwiftCompile normal arm64 /Users/wangrenzhu/work/future-echo-ios/Sources/FutureEchoCore/FreeTierPolicy.swift (in target 'FutureEcho' from project 'FutureEcho')
    cd /Users/wangrenzhu/work/future-echo-ios


SwiftCompile normal arm64 /Users/wangrenzhu/work/future-echo-ios/Sources/FutureEchoCore/Models.swift (in target 'FutureEcho' from project 'FutureEcho')
    cd /Users/wangrenzhu/work/future-echo-ios


SwiftDriverJobDiscovery normal x86_64 Compiling DesignSystem.swift, EchoStore.swift, EchoTrailViews.swift (in target 'FutureEcho' from project 'FutureEcho')

SwiftCompile normal arm64 Compiling\ PremiumView.swift,\ PrivacyView.swift /Users/wangrenzhu/work/future-echo-ios/FutureEcho/PremiumView.swift /Users/wangrenzhu/work/future-echo-ios/FutureEcho/PrivacyView.swift (in target 'FutureEcho' from project 'FutureEcho')

SwiftCompile normal arm64 /Users/wangrenzhu/work/future-echo-ios/FutureEcho/PremiumView.swift (in target 'FutureEcho' from project 'FutureEcho')
    cd /Users/wangrenzhu/work/future-echo-ios


SwiftCompile normal arm64 /Users/wangrenzhu/work/future-echo-ios/FutureEcho/PrivacyView.swift (in target 'FutureEcho' from project 'FutureEcho')
    cd /Users/wangrenzhu/work/future-echo-ios


SwiftDriverJobDiscovery normal x86_64 Compiling PremiumView.swift, PrivacyView.swift (in target 'FutureEcho' from project 'FutureEcho')

SwiftDriverJobDiscovery normal x86_64 Compiling SettingsViews.swift, ShelfAndTrailViews.swift (in target 'FutureEcho' from project 'FutureEcho')

ProcessInfoPlistFile /tmp/future-echo-final-derived/Build/Products/Debug-iphonesimulator/Future\ Echo.app/Info.plist /Users/wangrenzhu/work/future-echo-ios/FutureEcho/Info.plist (in target 'FutureEcho' from project 'FutureEcho')
    cd /Users/wangrenzhu/work/future-echo-ios
    builtin-infoPlistUtility /Users/wangrenzhu/work/future-echo-ios/FutureEcho/Info.plist -producttype com.apple.product-type.application -genpkginfo /tmp/future-echo-final-derived/Build/Products/Debug-iphonesimulator/Future\ Echo.app/PkgInfo -expandbuildsettings -format binary -platform iphonesimulator -additionalcontentfile /tmp/future-echo-final-derived/Build/Intermediates.noindex/FutureEcho.build/Debug-iphonesimulator/FutureEcho.build/assetcatalog_generated_info.plist -o /tmp/future-echo-final-derived/Build/Products/Debug-iphonesimulator/Future\ Echo.app/Info.plist

SwiftDriverJobDiscovery normal x86_64 Compiling PauseDecisionViews.swift, PremiumStore.swift (in target 'FutureEcho' from project 'FutureEcho')

SwiftCompile normal x86_64 Compiling\ FutureEchoApp.swift,\ FutureEchoRootView.swift /Users/wangrenzhu/work/future-echo-ios/FutureEcho/FutureEchoApp.swift /Users/wangrenzhu/work/future-echo-ios/FutureEcho/FutureEchoRootView.swift (in target 'FutureEcho' from project 'FutureEcho')

SwiftCompile normal x86_64 /Users/wangrenzhu/work/future-echo-ios/FutureEcho/FutureEchoApp.swift (in target 'FutureEcho' from project 'FutureEcho')
    cd /Users/wangrenzhu/work/future-echo-ios


SwiftCompile normal x86_64 /Users/wangrenzhu/work/future-echo-ios/FutureEcho/FutureEchoRootView.swift (in target 'FutureEcho' from project 'FutureEcho')
    cd /Users/wangrenzhu/work/future-echo-ios


SwiftCompile normal arm64 Compiling\ PauseDecisionViews.swift,\ PremiumStore.swift /Users/wangrenzhu/work/future-echo-ios/FutureEcho/PauseDecisionViews.swift /Users/wangrenzhu/work/future-echo-ios/FutureEcho/PremiumStore.swift (in target 'FutureEcho' from project 'FutureEcho')
SwiftCompile normal arm64 /Users/wangrenzhu/work/future-echo-ios/FutureEcho/PauseDecisionViews.swift (in target 'FutureEcho' from project 'FutureEcho')
    cd /Users/wangrenzhu/work/future-echo-ios


SwiftCompile normal arm64 /Users/wangrenzhu/work/future-echo-ios/FutureEcho/PremiumStore.swift (in target 'FutureEcho' from project 'FutureEcho')
    cd /Users/wangrenzhu/work/future-echo-ios


SwiftDriverJobDiscovery normal arm64 Compiling FreeTierPolicy.swift, Models.swift (in target 'FutureEcho' from project 'FutureEcho')

SwiftCompile normal x86_64 Compiling\ SwiftDataPersistence.swift,\ GeneratedAssetSymbols.swift /Users/wangrenzhu/work/future-echo-ios/Sources/FutureEchoCore/SwiftDataPersistence.swift /tmp/future-echo-final-derived/Build/Intermediates.noindex/FutureEcho.build/Debug-iphonesimulator/FutureEcho.build/DerivedSources/GeneratedAssetSymbols.swift (in target 'FutureEcho' from project 'FutureEcho')

SwiftCompile normal x86_64 /Users/wangrenzhu/work/future-echo-ios/Sources/FutureEchoCore/SwiftDataPersistence.swift (in target 'FutureEcho' from project 'FutureEcho')
    cd /Users/wangrenzhu/work/future-echo-ios


SwiftCompile normal x86_64 /tmp/future-echo-final-derived/Build/Intermediates.noindex/FutureEcho.build/Debug-iphonesimulator/FutureEcho.build/DerivedSources/GeneratedAssetSymbols.swift (in target 'FutureEcho' from project 'FutureEcho')
    cd /Users/wangrenzhu/work/future-echo-ios


SwiftDriverJobDiscovery normal x86_64 Compiling FutureEchoApp.swift, FutureEchoRootView.swift (in target 'FutureEcho' from project 'FutureEcho')

SwiftDriverJobDiscovery normal arm64 Compiling OpportunityCost.swift, Persistence.swift (in target 'FutureEcho' from project 'FutureEcho')

SwiftDriverJobDiscovery normal x86_64 Compiling SwiftDataPersistence.swift, GeneratedAssetSymbols.swift (in target 'FutureEcho' from project 'FutureEcho')

SwiftDriver\ Compilation FutureEcho normal x86_64 com.apple.xcode.tools.swift.compiler (in target 'FutureEcho' from project 'FutureEcho')
    cd /Users/wangrenzhu/work/future-echo-ios
    builtin-Swift-Compilation -- /Applications/Xcode.app/Contents/Developer/Toolchains/XcodeDefault.xctoolchain/usr/bin/swiftc -module-name Future_Echo -Onone @/tmp/future-echo-final-derived/Build/Intermediates.noindex/FutureEcho.build/Debug-iphonesimulator/FutureEcho.build/Objects-normal/x86_64/Future\ Echo.SwiftFileList -DDEBUG -enable-bare-slash-regex -enable-experimental-feature DebugDescriptionMacro -sdk /Applications/Xcode.app/Contents/Developer/Platforms/iPhoneSimulator.platform/Developer/SDKs/iPhoneSimulator26.5.sdk -target x86_64-apple-ios14.0-simulator -g -module-cache-path /tmp/future-echo-final-derived/ModuleCache.noindex -Xfrontend -serialize-debugging-options -enable-testing -index-store-path /tmp/future-echo-final-derived/Index.noindex/DataStore -Xcc -D_LIBCPP_HARDENING_MODE\=_LIBCPP_HARDENING_MODE_DEBUG -swift-version 5 -I /tmp/future-echo-final-derived/Build/Products/Debug-iphonesimulator -F /tmp/future-echo-final-derived/Build/Products/Debug-iphonesimulator -c -j10 -enable-batch-mode -incremental -Xcc -ivfsstatcache -Xcc /tmp/future-echo-final-derived/SDKStatCaches.noindex/iphonesimulator26.5-23F81a-6cfe768891a92b912361537c460fe42b.sdkstatcache -output-file-map /tmp/future-echo-final-derived/Build/Intermediates.noindex/FutureEcho.build/Debug-iphonesimulator/FutureEcho.build/Objects-normal/x86_64/FutureEcho-OutputFileMap.json -use-frontend-parseable-output -save-temps -no-color-diagnostics -explicit-module-build -module-cache-path /tmp/future-echo-final-derived/Build/Intermediates.noindex/SwiftExplicitPrecompiledModules -clang-scanner-module-cache-path /tmp/future-echo-final-derived/ModuleCache.noindex -sdk-module-cache-path /tmp/future-echo-final-derived/ModuleCache.noindex -serialize-diagnostics -emit-dependencies -emit-module -emit-module-path /tmp/future-echo-final-derived/Build/Intermediates.noindex/FutureEcho.build/Debug-iphonesimulator/FutureEcho.build/Objects-normal/x86_64/Future_Echo.swiftmodule -validate-clang-modules-once -clang-build-session-file /tmp/future-echo-final-derived/ModuleCache.noindex/Session.modulevalidation -Xcc -I/tmp/future-echo-final-derived/Build/Intermediates.noindex/FutureEcho.build/Debug-iphonesimulator/FutureEcho.build/swift-overrides.hmap -emit-const-values -Xfrontend -const-gather-protocols-file -Xfrontend /tmp/future-echo-final-derived/Build/Intermediates.noindex/FutureEcho.build/Debug-iphonesimulator/FutureEcho.build/Objects-normal/x86_64/FutureEcho_const_extract_protocols.json -Xcc -iquote -Xcc /tmp/future-echo-final-derived/Build/Intermediates.noindex/FutureEcho.build/Debug-iphonesimulator/FutureEcho.build/Future\ Echo-generated-files.hmap -Xcc -I/tmp/future-echo-final-derived/Build/Intermediates.noindex/FutureEcho.build/Debug-iphonesimulator/FutureEcho.build/Future\ Echo-own-target-headers.hmap -Xcc -I/tmp/future-echo-final-derived/Build/Intermediates.noindex/FutureEcho.build/Debug-iphonesimulator/FutureEcho.build/Future\ Echo-all-target-headers.hmap -Xcc -iquote -Xcc /tmp/future-echo-final-derived/Build/Intermediates.noindex/FutureEcho.build/Debug-iphonesimulator/FutureEcho.build/Future\ Echo-project-headers.hmap -Xcc -I/tmp/future-echo-final-derived/Build/Products/Debug-iphonesimulator/include -Xcc -I/tmp/future-echo-final-derived/Build/Intermediates.noindex/FutureEcho.build/Debug-iphonesimulator/FutureEcho.build/DerivedSources-normal/x86_64 -Xcc -I/tmp/future-echo-final-derived/Build/Intermediates.noindex/FutureEcho.build/Debug-iphonesimulator/FutureEcho.build/DerivedSources/x86_64 -Xcc -I/tmp/future-echo-final-derived/Build/Intermediates.noindex/FutureEcho.build/Debug-iphonesimulator/FutureEcho.build/DerivedSources -Xcc -DDEBUG\=1 -emit-objc-header -emit-objc-header-path /tmp/future-echo-final-derived/Build/Intermediates.noindex/FutureEcho.build/Debug-iphonesimulator/FutureEcho.build/Objects-normal/x86_64/Future_Echo-Swift.h -working-directory /Users/wangrenzhu/work/future-echo-ios -experimental-emit-module-separately -disable-cmo

Ld /tmp/future-echo-final-derived/Build/Intermediates.noindex/FutureEcho.build/Debug-iphonesimulator/FutureEcho.build/Objects-normal/x86_64/Binary/Future\ Echo.debug.dylib normal x86_64 (in target 'FutureEcho' from project 'FutureEcho')
    cd /Users/wangrenzhu/work/future-echo-ios
    /Applications/Xcode.app/Contents/Developer/Toolchains/XcodeDefault.xctoolchain/usr/bin/clang -Xlinker -reproducible -target x86_64-apple-ios14.0-simulator -dynamiclib -isysroot /Applications/Xcode.app/Contents/Developer/Platforms/iPhoneSimulator.platform/Developer/SDKs/iPhoneSimulator26.5.sdk -O0 -L/tmp/future-echo-final-derived/Build/Intermediates.noindex/EagerLinkingTBDs/Debug-iphonesimulator -L/tmp/future-echo-final-derived/Build/Products/Debug-iphonesimulator -F/tmp/future-echo-final-derived/Build/Intermediates.noindex/EagerLinkingTBDs/Debug-iphonesimulator -F/tmp/future-echo-final-derived/Build/Products/Debug-iphonesimulator -filelist /tmp/future-echo-final-derived/Build/Intermediates.noindex/FutureEcho.build/Debug-iphonesimulator/FutureEcho.build/Objects-normal/x86_64/Future\ Echo.LinkFileList -install_name @rpath/Future\ Echo.debug.dylib -Xlinker -rpath -Xlinker /usr/lib/swift -Xlinker -rpath -Xlinker @executable_path/Frameworks -Xlinker -dead_strip -Xlinker -object_path_lto -Xlinker /tmp/future-echo-final-derived/Build/Intermediates.noindex/FutureEcho.build/Debug-iphonesimulator/FutureEcho.build/Objects-normal/x86_64/Future\ Echo_lto.o -rdynamic -Xlinker -no_deduplicate -Xlinker -objc_abi_version -Xlinker 2 -Xlinker -dependency_info -Xlinker /tmp/future-echo-final-derived/Build/Intermediates.noindex/FutureEcho.build/Debug-iphonesimulator/FutureEcho.build/Objects-normal/x86_64/Future\ Echo_dependency_info.dat -fobjc-link-runtime -L/Applications/Xcode.app/Contents/Developer/Toolchains/XcodeDefault.xctoolchain/usr/lib/swift/iphonesimulator -L/usr/lib/swift -Xlinker -add_ast_path -Xlinker /tmp/future-echo-final-derived/Build/Intermediates.noindex/FutureEcho.build/Debug-iphonesimulator/FutureEcho.build/Objects-normal/x86_64/Future_Echo.swiftmodule @/tmp/future-echo-final-derived/Build/Intermediates.noindex/FutureEcho.build/Debug-iphonesimulator/FutureEcho.build/Objects-normal/x86_64/Future_Echo-linker-args.resp -Xlinker -alias -Xlinker _main -Xlinker ___debug_main_executable_dylib_entry_point -framework Foundation -o /tmp/future-echo-final-derived/Build/Intermediates.noindex/FutureEcho.build/Debug-iphonesimulator/FutureEcho.build/Objects-normal/x86_64/Binary/Future\ Echo.debug.dylib

SwiftDriverJobDiscovery normal arm64 Compiling PromiseEditorViews.swift, PromiseViews.swift (in target 'FutureEcho' from project 'FutureEcho')

SwiftDriverJobDiscovery normal arm64 Compiling NewEchoFlowViews.swift, NotificationService.swift (in target 'FutureEcho' from project 'FutureEcho')

SwiftDriverJobDiscovery normal arm64 Compiling FutureEchoApp.swift, FutureEchoRootView.swift (in target 'FutureEcho' from project 'FutureEcho')

SwiftDriverJobDiscovery normal arm64 Compiling PremiumView.swift, PrivacyView.swift (in target 'FutureEcho' from project 'FutureEcho')

SwiftDriverJobDiscovery normal arm64 Compiling DesignSystem.swift, EchoStore.swift, EchoTrailViews.swift (in target 'FutureEcho' from project 'FutureEcho')

SwiftDriverJobDiscovery normal arm64 Compiling SettingsViews.swift, ShelfAndTrailViews.swift (in target 'FutureEcho' from project 'FutureEcho')

SwiftDriverJobDiscovery normal arm64 Compiling SwiftDataPersistence.swift, GeneratedAssetSymbols.swift (in target 'FutureEcho' from project 'FutureEcho')

SwiftDriverJobDiscovery normal arm64 Compiling PauseDecisionViews.swift, PremiumStore.swift (in target 'FutureEcho' from project 'FutureEcho')

SwiftDriver\ Compilation FutureEcho normal arm64 com.apple.xcode.tools.swift.compiler (in target 'FutureEcho' from project 'FutureEcho')
    cd /Users/wangrenzhu/work/future-echo-ios
    builtin-Swift-Compilation -- /Applications/Xcode.app/Contents/Developer/Toolchains/XcodeDefault.xctoolchain/usr/bin/swiftc -module-name Future_Echo -Onone @/tmp/future-echo-final-derived/Build/Intermediates.noindex/FutureEcho.build/Debug-iphonesimulator/FutureEcho.build/Objects-normal/arm64/Future\ Echo.SwiftFileList -DDEBUG -enable-bare-slash-regex -enable-experimental-feature DebugDescriptionMacro -sdk /Applications/Xcode.app/Contents/Developer/Platforms/iPhoneSimulator.platform/Developer/SDKs/iPhoneSimulator26.5.sdk -target arm64-apple-ios14.0-simulator -g -module-cache-path /tmp/future-echo-final-derived/ModuleCache.noindex -Xfrontend -serialize-debugging-options -enable-testing -index-store-path /tmp/future-echo-final-derived/Index.noindex/DataStore -Xcc -D_LIBCPP_HARDENING_MODE\=_LIBCPP_HARDENING_MODE_DEBUG -swift-version 5 -I /tmp/future-echo-final-derived/Build/Products/Debug-iphonesimulator -F /tmp/future-echo-final-derived/Build/Products/Debug-iphonesimulator -c -j10 -enable-batch-mode -incremental -Xcc -ivfsstatcache -Xcc /tmp/future-echo-final-derived/SDKStatCaches.noindex/iphonesimulator26.5-23F81a-6cfe768891a92b912361537c460fe42b.sdkstatcache -output-file-map /tmp/future-echo-final-derived/Build/Intermediates.noindex/FutureEcho.build/Debug-iphonesimulator/FutureEcho.build/Objects-normal/arm64/FutureEcho-OutputFileMap.json -use-frontend-parseable-output -save-temps -no-color-diagnostics -explicit-module-build -module-cache-path /tmp/future-echo-final-derived/Build/Intermediates.noindex/SwiftExplicitPrecompiledModules -clang-scanner-module-cache-path /tmp/future-echo-final-derived/ModuleCache.noindex -sdk-module-cache-path /tmp/future-echo-final-derived/ModuleCache.noindex -serialize-diagnostics -emit-dependencies -emit-module -emit-module-path /tmp/future-echo-final-derived/Build/Intermediates.noindex/FutureEcho.build/Debug-iphonesimulator/FutureEcho.build/Objects-normal/arm64/Future_Echo.swiftmodule -validate-clang-modules-once -clang-build-session-file /tmp/future-echo-final-derived/ModuleCache.noindex/Session.modulevalidation -Xcc -I/tmp/future-echo-final-derived/Build/Intermediates.noindex/FutureEcho.build/Debug-iphonesimulator/FutureEcho.build/swift-overrides.hmap -emit-const-values -Xfrontend -const-gather-protocols-file -Xfrontend /tmp/future-echo-final-derived/Build/Intermediates.noindex/FutureEcho.build/Debug-iphonesimulator/FutureEcho.build/Objects-normal/arm64/FutureEcho_const_extract_protocols.json -Xcc -iquote -Xcc /tmp/future-echo-final-derived/Build/Intermediates.noindex/FutureEcho.build/Debug-iphonesimulator/FutureEcho.build/Future\ Echo-generated-files.hmap -Xcc -I/tmp/future-echo-final-derived/Build/Intermediates.noindex/FutureEcho.build/Debug-iphonesimulator/FutureEcho.build/Future\ Echo-own-target-headers.hmap -Xcc -I/tmp/future-echo-final-derived/Build/Intermediates.noindex/FutureEcho.build/Debug-iphonesimulator/FutureEcho.build/Future\ Echo-all-target-headers.hmap -Xcc -iquote -Xcc /tmp/future-echo-final-derived/Build/Intermediates.noindex/FutureEcho.build/Debug-iphonesimulator/FutureEcho.build/Future\ Echo-project-headers.hmap -Xcc -I/tmp/future-echo-final-derived/Build/Products/Debug-iphonesimulator/include -Xcc -I/tmp/future-echo-final-derived/Build/Intermediates.noindex/FutureEcho.build/Debug-iphonesimulator/FutureEcho.build/DerivedSources-normal/arm64 -Xcc -I/tmp/future-echo-final-derived/Build/Intermediates.noindex/FutureEcho.build/Debug-iphonesimulator/FutureEcho.build/DerivedSources/arm64 -Xcc -I/tmp/future-echo-final-derived/Build/Intermediates.noindex/FutureEcho.build/Debug-iphonesimulator/FutureEcho.build/DerivedSources -Xcc -DDEBUG\=1 -emit-objc-header -emit-objc-header-path /tmp/future-echo-final-derived/Build/Intermediates.noindex/FutureEcho.build/Debug-iphonesimulator/FutureEcho.build/Objects-normal/arm64/Future_Echo-Swift.h -working-directory /Users/wangrenzhu/work/future-echo-ios -experimental-emit-module-separately -disable-cmo

Ld /tmp/future-echo-final-derived/Build/Intermediates.noindex/FutureEcho.build/Debug-iphonesimulator/FutureEcho.build/Objects-normal/arm64/Binary/Future\ Echo.debug.dylib normal arm64 (in target 'FutureEcho' from project 'FutureEcho')
    cd /Users/wangrenzhu/work/future-echo-ios
    /Applications/Xcode.app/Contents/Developer/Toolchains/XcodeDefault.xctoolchain/usr/bin/clang -Xlinker -reproducible -target arm64-apple-ios14.0-simulator -dynamiclib -isysroot /Applications/Xcode.app/Contents/Developer/Platforms/iPhoneSimulator.platform/Developer/SDKs/iPhoneSimulator26.5.sdk -O0 -L/tmp/future-echo-final-derived/Build/Intermediates.noindex/EagerLinkingTBDs/Debug-iphonesimulator -L/tmp/future-echo-final-derived/Build/Products/Debug-iphonesimulator -F/tmp/future-echo-final-derived/Build/Intermediates.noindex/EagerLinkingTBDs/Debug-iphonesimulator -F/tmp/future-echo-final-derived/Build/Products/Debug-iphonesimulator -filelist /tmp/future-echo-final-derived/Build/Intermediates.noindex/FutureEcho.build/Debug-iphonesimulator/FutureEcho.build/Objects-normal/arm64/Future\ Echo.LinkFileList -install_name @rpath/Future\ Echo.debug.dylib -Xlinker -rpath -Xlinker /usr/lib/swift -Xlinker -rpath -Xlinker @executable_path/Frameworks -Xlinker -dead_strip -Xlinker -object_path_lto -Xlinker /tmp/future-echo-final-derived/Build/Intermediates.noindex/FutureEcho.build/Debug-iphonesimulator/FutureEcho.build/Objects-normal/arm64/Future\ Echo_lto.o -rdynamic -Xlinker -no_deduplicate -Xlinker -objc_abi_version -Xlinker 2 -Xlinker -dependency_info -Xlinker /tmp/future-echo-final-derived/Build/Intermediates.noindex/FutureEcho.build/Debug-iphonesimulator/FutureEcho.build/Objects-normal/arm64/Future\ Echo_dependency_info.dat -fobjc-link-runtime -L/Applications/Xcode.app/Contents/Developer/Toolchains/XcodeDefault.xctoolchain/usr/lib/swift/iphonesimulator -L/usr/lib/swift -Xlinker -add_ast_path -Xlinker /tmp/future-echo-final-derived/Build/Intermediates.noindex/FutureEcho.build/Debug-iphonesimulator/FutureEcho.build/Objects-normal/arm64/Future_Echo.swiftmodule @/tmp/future-echo-final-derived/Build/Intermediates.noindex/FutureEcho.build/Debug-iphonesimulator/FutureEcho.build/Objects-normal/arm64/Future_Echo-linker-args.resp -Xlinker -alias -Xlinker _main -Xlinker ___debug_main_executable_dylib_entry_point -framework Foundation -o /tmp/future-echo-final-derived/Build/Intermediates.noindex/FutureEcho.build/Debug-iphonesimulator/FutureEcho.build/Objects-normal/arm64/Binary/Future\ Echo.debug.dylib

ConstructStubExecutorLinkFileList /tmp/future-echo-final-derived/Build/Intermediates.noindex/FutureEcho.build/Debug-iphonesimulator/FutureEcho.build/Future\ Echo-ExecutorLinkFileList-normal-x86_64.txt (in target 'FutureEcho' from project 'FutureEcho')
    cd /Users/wangrenzhu/work/future-echo-ios
    construct-stub-executor-link-file-list /tmp/future-echo-final-derived/Build/Intermediates.noindex/FutureEcho.build/Debug-iphonesimulator/FutureEcho.build/Objects-normal/x86_64/Binary/Future\ Echo.debug.dylib /Applications/Xcode.app/Contents/Developer/Platforms/iPhoneSimulator.platform/Developer/usr/lib/libPreviewsJITStubExecutor_no_swift_entry_point.a /Applications/Xcode.app/Contents/Developer/Platforms/iPhoneSimulator.platform/Developer/usr/lib/libPreviewsJITStubExecutor.a --output /tmp/future-echo-final-derived/Build/Intermediates.noindex/FutureEcho.build/Debug-iphonesimulator/FutureEcho.build/Future\ Echo-ExecutorLinkFileList-normal-x86_64.txt
note: Using stub executor library with Swift entry point. (in target 'FutureEcho' from project 'FutureEcho')

Ld /tmp/future-echo-final-derived/Build/Intermediates.noindex/FutureEcho.build/Debug-iphonesimulator/FutureEcho.build/Objects-normal/x86_64/Binary/Future\ Echo normal x86_64 (in target 'FutureEcho' from project 'FutureEcho')
    cd /Users/wangrenzhu/work/future-echo-ios
    /Applications/Xcode.app/Contents/Developer/Toolchains/XcodeDefault.xctoolchain/usr/bin/clang -Xlinker -reproducible -target x86_64-apple-ios14.0-simulator -isysroot /Applications/Xcode.app/Contents/Developer/Platforms/iPhoneSimulator.platform/Developer/SDKs/iPhoneSimulator26.5.sdk -O0 -L/tmp/future-echo-final-derived/Build/Products/Debug-iphonesimulator -F/tmp/future-echo-final-derived/Build/Products/Debug-iphonesimulator -Xlinker -rpath -Xlinker @executable_path -Xlinker -rpath -Xlinker @executable_path/Frameworks -rdynamic -Xlinker -no_deduplicate -Xlinker -objc_abi_version -Xlinker 2 -e ___debug_blank_executor_main -Xlinker -sectcreate -Xlinker __TEXT -Xlinker __debug_dylib -Xlinker /tmp/future-echo-final-derived/Build/Intermediates.noindex/FutureEcho.build/Debug-iphonesimulator/FutureEcho.build/Future\ Echo-DebugDylibPath-normal-x86_64.txt -Xlinker -sectcreate -Xlinker __TEXT -Xlinker __debug_instlnm -Xlinker /tmp/future-echo-final-derived/Build/Intermediates.noindex/FutureEcho.build/Debug-iphonesimulator/FutureEcho.build/Future\ Echo-DebugDylibInstallName-normal-x86_64.txt -Xlinker -filelist -Xlinker /tmp/future-echo-final-derived/Build/Intermediates.noindex/FutureEcho.build/Debug-iphonesimulator/FutureEcho.build/Future\ Echo-ExecutorLinkFileList-normal-x86_64.txt /tmp/future-echo-final-derived/Build/Intermediates.noindex/FutureEcho.build/Debug-iphonesimulator/FutureEcho.build/Objects-normal/x86_64/Binary/Future\ Echo.debug.dylib -o /tmp/future-echo-final-derived/Build/Intermediates.noindex/FutureEcho.build/Debug-iphonesimulator/FutureEcho.build/Objects-normal/x86_64/Binary/Future\ Echo

CreateUniversalBinary /tmp/future-echo-final-derived/Build/Products/Debug-iphonesimulator/Future\ Echo.app/Future\ Echo.debug.dylib normal arm64\ x86_64 (in target 'FutureEcho' from project 'FutureEcho')
    cd /Users/wangrenzhu/work/future-echo-ios
    /Applications/Xcode.app/Contents/Developer/Toolchains/XcodeDefault.xctoolchain/usr/bin/lipo -create /tmp/future-echo-final-derived/Build/Intermediates.noindex/FutureEcho.build/Debug-iphonesimulator/FutureEcho.build/Objects-normal/arm64/Binary/Future\ Echo.debug.dylib /tmp/future-echo-final-derived/Build/Intermediates.noindex/FutureEcho.build/Debug-iphonesimulator/FutureEcho.build/Objects-normal/x86_64/Binary/Future\ Echo.debug.dylib -output /tmp/future-echo-final-derived/Build/Products/Debug-iphonesimulator/Future\ Echo.app/Future\ Echo.debug.dylib

ConstructStubExecutorLinkFileList /tmp/future-echo-final-derived/Build/Intermediates.noindex/FutureEcho.build/Debug-iphonesimulator/FutureEcho.build/Future\ Echo-ExecutorLinkFileList-normal-arm64.txt (in target 'FutureEcho' from project 'FutureEcho')
    cd /Users/wangrenzhu/work/future-echo-ios
    construct-stub-executor-link-file-list /tmp/future-echo-final-derived/Build/Intermediates.noindex/FutureEcho.build/Debug-iphonesimulator/FutureEcho.build/Objects-normal/arm64/Binary/Future\ Echo.debug.dylib /Applications/Xcode.app/Contents/Developer/Platforms/iPhoneSimulator.platform/Developer/usr/lib/libPreviewsJITStubExecutor_no_swift_entry_point.a /Applications/Xcode.app/Contents/Developer/Platforms/iPhoneSimulator.platform/Developer/usr/lib/libPreviewsJITStubExecutor.a --output /tmp/future-echo-final-derived/Build/Intermediates.noindex/FutureEcho.build/Debug-iphonesimulator/FutureEcho.build/Future\ Echo-ExecutorLinkFileList-normal-arm64.txt
note: Using stub executor library with Swift entry point. (in target 'FutureEcho' from project 'FutureEcho')

Ld /tmp/future-echo-final-derived/Build/Intermediates.noindex/FutureEcho.build/Debug-iphonesimulator/FutureEcho.build/Objects-normal/arm64/Binary/Future\ Echo normal arm64 (in target 'FutureEcho' from project 'FutureEcho')
    cd /Users/wangrenzhu/work/future-echo-ios
    /Applications/Xcode.app/Contents/Developer/Toolchains/XcodeDefault.xctoolchain/usr/bin/clang -Xlinker -reproducible -target arm64-apple-ios14.0-simulator -isysroot /Applications/Xcode.app/Contents/Developer/Platforms/iPhoneSimulator.platform/Developer/SDKs/iPhoneSimulator26.5.sdk -O0 -L/tmp/future-echo-final-derived/Build/Products/Debug-iphonesimulator -F/tmp/future-echo-final-derived/Build/Products/Debug-iphonesimulator -Xlinker -rpath -Xlinker @executable_path -Xlinker -rpath -Xlinker @executable_path/Frameworks -rdynamic -Xlinker -no_deduplicate -Xlinker -objc_abi_version -Xlinker 2 -e ___debug_blank_executor_main -Xlinker -sectcreate -Xlinker __TEXT -Xlinker __debug_dylib -Xlinker /tmp/future-echo-final-derived/Build/Intermediates.noindex/FutureEcho.build/Debug-iphonesimulator/FutureEcho.build/Future\ Echo-DebugDylibPath-normal-arm64.txt -Xlinker -sectcreate -Xlinker __TEXT -Xlinker __debug_instlnm -Xlinker /tmp/future-echo-final-derived/Build/Intermediates.noindex/FutureEcho.build/Debug-iphonesimulator/FutureEcho.build/Future\ Echo-DebugDylibInstallName-normal-arm64.txt -Xlinker -filelist -Xlinker /tmp/future-echo-final-derived/Build/Intermediates.noindex/FutureEcho.build/Debug-iphonesimulator/FutureEcho.build/Future\ Echo-ExecutorLinkFileList-normal-arm64.txt /tmp/future-echo-final-derived/Build/Intermediates.noindex/FutureEcho.build/Debug-iphonesimulator/FutureEcho.build/Objects-normal/arm64/Binary/Future\ Echo.debug.dylib -o /tmp/future-echo-final-derived/Build/Intermediates.noindex/FutureEcho.build/Debug-iphonesimulator/FutureEcho.build/Objects-normal/arm64/Binary/Future\ Echo

CreateUniversalBinary /tmp/future-echo-final-derived/Build/Products/Debug-iphonesimulator/Future\ Echo.app/Future\ Echo normal arm64\ x86_64 (in target 'FutureEcho' from project 'FutureEcho')
    cd /Users/wangrenzhu/work/future-echo-ios
    /Applications/Xcode.app/Contents/Developer/Toolchains/XcodeDefault.xctoolchain/usr/bin/lipo -create /tmp/future-echo-final-derived/Build/Intermediates.noindex/FutureEcho.build/Debug-iphonesimulator/FutureEcho.build/Objects-normal/arm64/Binary/Future\ Echo /tmp/future-echo-final-derived/Build/Intermediates.noindex/FutureEcho.build/Debug-iphonesimulator/FutureEcho.build/Objects-normal/x86_64/Binary/Future\ Echo -output /tmp/future-echo-final-derived/Build/Products/Debug-iphonesimulator/Future\ Echo.app/Future\ Echo

CopySwiftLibs /tmp/future-echo-final-derived/Build/Products/Debug-iphonesimulator/Future\ Echo.app (in target 'FutureEcho' from project 'FutureEcho')
    cd /Users/wangrenzhu/work/future-echo-ios
    builtin-swiftStdLibTool --copy --verbose --scan-executable /tmp/future-echo-final-derived/Build/Products/Debug-iphonesimulator/Future\ Echo.app/Future\ Echo.debug.dylib --scan-folder /tmp/future-echo-final-derived/Build/Products/Debug-iphonesimulator/Future\ Echo.app/Frameworks --scan-folder /tmp/future-echo-final-derived/Build/Products/Debug-iphonesimulator/Future\ Echo.app/PlugIns --scan-folder /tmp/future-echo-final-derived/Build/Products/Debug-iphonesimulator/Future\ Echo.app/SystemExtensions --scan-folder /tmp/future-echo-final-derived/Build/Products/Debug-iphonesimulator/Future\ Echo.app/Extensions --scan-folder /Applications/Xcode.app/Contents/Developer/Platforms/iPhoneOS.platform/Developer/SDKs/iPhoneOS26.0.sdk/System/Library/Frameworks/Foundation.framework --platform iphonesimulator --toolchain /Applications/Xcode.app/Contents/Developer/Toolchains/XcodeDefault.xctoolchain --destination /tmp/future-echo-final-derived/Build/Products/Debug-iphonesimulator/Future\ Echo.app/Frameworks --strip-bitcode --strip-bitcode-tool /Applications/Xcode.app/Contents/Developer/Toolchains/XcodeDefault.xctoolchain/usr/bin/bitcode_strip --emit-dependency-info /tmp/future-echo-final-derived/Build/Intermediates.noindex/FutureEcho.build/Debug-iphonesimulator/FutureEcho.build/SwiftStdLibToolInputDependencies.dep --filter-for-swift-os --back-deploy-swift-concurrency --back-deploy-swift-span
Ignoring --strip-bitcode because --sign was not passed
Copying /Applications/Xcode.app/Contents/Developer/Toolchains/XcodeDefault.xctoolchain/usr/lib/swift-5.5/iphonesimulator/libswift_Concurrency.dylib to /tmp/future-echo-final-derived/Build/Products/Debug-iphonesimulator/Future Echo.app/Frameworks/libswift_Concurrency.dylib

ExtractAppIntentsMetadata (in target 'FutureEcho' from project 'FutureEcho')
    cd /Users/wangrenzhu/work/future-echo-ios
    /Applications/Xcode.app/Contents/Developer/Toolchains/XcodeDefault.xctoolchain/usr/bin/appintentsmetadataprocessor --toolchain-dir /Applications/Xcode.app/Contents/Developer/Toolchains/XcodeDefault.xctoolchain --module-name Future_Echo --sdk-root /Applications/Xcode.app/Contents/Developer/Platforms/iPhoneSimulator.platform/Developer/SDKs/iPhoneSimulator26.5.sdk --xcode-version 17F113 --platform-family iOS --deployment-target 14.0 --bundle-identifier com.wangrenzhu.futureecho --output /tmp/future-echo-final-derived/Build/Products/Debug-iphonesimulator/Future\ Echo.app --target-triple arm64-apple-ios14.0-simulator --target-triple x86_64-apple-ios14.0-simulator --binary-file /tmp/future-echo-final-derived/Build/Products/Debug-iphonesimulator/Future\ Echo.app/Future\ Echo --dependency-file /tmp/future-echo-final-derived/Build/Intermediates.noindex/FutureEcho.build/Debug-iphonesimulator/FutureEcho.build/Objects-normal/arm64/Future\ Echo_dependency_info.dat --dependency-file /tmp/future-echo-final-derived/Build/Intermediates.noindex/FutureEcho.build/Debug-iphonesimulator/FutureEcho.build/Objects-normal/x86_64/Future\ Echo_dependency_info.dat --stringsdata-file /tmp/future-echo-final-derived/Build/Intermediates.noindex/FutureEcho.build/Debug-iphonesimulator/FutureEcho.build/Objects-normal/arm64/ExtractedAppShortcutsMetadata.stringsdata --stringsdata-file /tmp/future-echo-final-derived/Build/Intermediates.noindex/FutureEcho.build/Debug-iphonesimulator/FutureEcho.build/Objects-normal/x86_64/ExtractedAppShortcutsMetadata.stringsdata --source-file-list /tmp/future-echo-final-derived/Build/Intermediates.noindex/FutureEcho.build/Debug-iphonesimulator/FutureEcho.build/Objects-normal/arm64/Future\ Echo.SwiftFileList --source-file-list /tmp/future-echo-final-derived/Build/Intermediates.noindex/FutureEcho.build/Debug-iphonesimulator/FutureEcho.build/Objects-normal/x86_64/Future\ Echo.SwiftFileList --metadata-file-list /tmp/future-echo-final-derived/Build/Intermediates.noindex/FutureEcho.build/Debug-iphonesimulator/FutureEcho.build/Future\ Echo.DependencyMetadataFileList --static-metadata-file-list /tmp/future-echo-final-derived/Build/Intermediates.noindex/FutureEcho.build/Debug-iphonesimulator/FutureEcho.build/Future\ Echo.DependencyStaticMetadataFileList --swift-const-vals-list /tmp/future-echo-final-derived/Build/Intermediates.noindex/FutureEcho.build/Debug-iphonesimulator/FutureEcho.build/Objects-normal/arm64/Future\ Echo.SwiftConstValuesFileList --swift-const-vals-list /tmp/future-echo-final-derived/Build/Intermediates.noindex/FutureEcho.build/Debug-iphonesimulator/FutureEcho.build/Objects-normal/x86_64/Future\ Echo.SwiftConstValuesFileList --compile-time-extraction --deployment-aware-processing --validate-assistant-intents --no-app-shortcuts-localization
2026-07-10 20:53:38.624 appintentsmetadataprocessor[58115:332705049] Starting appintentsmetadataprocessor export
2026-07-10 20:53:38.627 appintentsmetadataprocessor[58115:332705049] warning: Metadata extraction skipped. No AppIntents.framework dependency found.

AppIntentsSSUTraining (in target 'FutureEcho' from project 'FutureEcho')
    cd /Users/wangrenzhu/work/future-echo-ios
    /Applications/Xcode.app/Contents/Developer/Toolchains/XcodeDefault.xctoolchain/usr/bin/appintentsnltrainingprocessor --infoplist-path /tmp/future-echo-final-derived/Build/Products/Debug-iphonesimulator/Future\ Echo.app/Info.plist --temp-dir-path /tmp/future-echo-final-derived/Build/Intermediates.noindex/FutureEcho.build/Debug-iphonesimulator/FutureEcho.build/ssu --bundle-id com.wangrenzhu.futureecho --product-path /tmp/future-echo-final-derived/Build/Products/Debug-iphonesimulator/Future\ Echo.app --extracted-metadata-path /tmp/future-echo-final-derived/Build/Products/Debug-iphonesimulator/Future\ Echo.app/Metadata.appintents --metadata-file-list /tmp/future-echo-final-derived/Build/Intermediates.noindex/FutureEcho.build/Debug-iphonesimulator/FutureEcho.build/Future\ Echo.DependencyMetadataFileList --source-file /tmp/future-echo-final-derived/Build/Products/Debug-iphonesimulator/Future\ Echo.app/Info.plist --archive-ssu-assets
2026-07-10 20:53:38.644 appintentsnltrainingprocessor[58116:332705052] Parsing options for appintentsnltrainingprocessor
2026-07-10 20:53:38.644 appintentsnltrainingprocessor[58116:332705052] Starting AppIntents SSU YAML Generation
2026-07-10 20:53:38.647 appintentsnltrainingprocessor[58116:332705052] No AppShortcuts found - Skipping.

RegisterExecutionPolicyException /tmp/future-echo-final-derived/Build/Products/Debug-iphonesimulator/Future\ Echo.app (in target 'FutureEcho' from project 'FutureEcho')
    cd /Users/wangrenzhu/work/future-echo-ios
    builtin-RegisterExecutionPolicyException /tmp/future-echo-final-derived/Build/Products/Debug-iphonesimulator/Future\ Echo.app

Validate /tmp/future-echo-final-derived/Build/Products/Debug-iphonesimulator/Future\ Echo.app (in target 'FutureEcho' from project 'FutureEcho')
    cd /Users/wangrenzhu/work/future-echo-ios
    builtin-validationUtility /tmp/future-echo-final-derived/Build/Products/Debug-iphonesimulator/Future\ Echo.app -shallow-bundle -infoplist-subpath Info.plist

Touch /tmp/future-echo-final-derived/Build/Products/Debug-iphonesimulator/Future\ Echo.app (in target 'FutureEcho' from project 'FutureEcho')
    cd /Users/wangrenzhu/work/future-echo-ios
    /usr/bin/touch -c /tmp/future-echo-final-derived/Build/Products/Debug-iphonesimulator/Future\ Echo.app

** BUILD SUCCEEDED **
